hcp_id,recency,frequency,monetary,avg_rx_value,unique_drugs,total_quantity,prescription_span,specialty,tier,years_experience,territory_id,cluster,segment
HCP-0001,9,38,4813400.02,126668.42,11,3359,672,Gastroenterology,Tier 2,11,TER-01,0,High Potential
HCP-0002,3,49,6641589.87,135542.65,12,4111,717,Pulmonology,Tier 2,8,TER-01,0,High Potential
HCP-0003,72,13,990592.55,76199.43,6,1206,639,Endocrinology,Tier 3,12,TER-01,1,Low Value
HCP-0004,2,51,6300485.09,123538.92,14,4095,723,Neurology,Tier 2,16,TER-01,0,High Potential
HCP-0005,51,13,1483094.88,114084.22,6,1379,630,Neurology,Tier 3,8,TER-01,1,Low Value
HCP-0006,165,13,2569288.26,197637.56,7,1351,555,Dermatology,Tier 3,10,TER-01,1,Low Value
HCP-0007,15,13,2365722.31,181978.64,7,1269,563,Dermatology,Tier 3,7,TER-01,1,Low Value
HCP-0008,24,21,1941251.92,92440.57,5,2534,672,Gastroenterology,Tier 3,3,TER-01,1,Low Value
HCP-0009,0,19,2433644.31,128086.54,9,1846,693,Neurology,Tier 3,17,TER-01,0,High Potential
HCP-0010,133,16,1855664.94,115979.06,8,1486,570,Nephrology,Tier 3,15,TER-01,1,Low Value
HCP-0011,25,19,990159.3,52113.65,5,1711,646,Cardiology,Tier 3,6,TER-01,1,Low Value
HCP-0012,18,28,3697564.23,132055.87,10,2376,695,Pulmonology,Tier 2,29,TER-01,0,High Potential
HCP-0013,7,14,1999770.18,142840.73,7,1525,668,Nephrology,Tier 3,7,TER-01,1,Low Value
HCP-0014,42,15,2083440.49,138896.03,9,1635,681,Pulmonology,Tier 3,12,TER-01,1,Low Value
HCP-0015,10,12,2731542.62,227628.55,7,1216,664,Dermatology,Tier 3,4,TER-01,1,Low Value
HCP-0016,9,49,5690028.68,116123.03,13,4229,704,Pulmonology,Tier 2,21,TER-01,0,High Potential
HCP-0017,76,12,878975.37,73247.95,6,1119,645,Psychiatry,Tier 3,16,TER-01,1,Low Value
HCP-0018,5,42,6521784.17,155280.58,13,3466,698,Gastroenterology,Tier 2,10,TER-01,0,High Potential
HCP-0019,3,63,13082940.08,207665.72,16,9049,711,Gastroenterology,Tier 1,36,TER-01,3,Loyal HCPs
HCP-0020,77,20,2205715.72,110285.79,9,1527,646,Psychiatry,Tier 3,8,TER-01,1,Low Value
HCP-0021,32,17,835313.14,49136.07,6,1755,668,Cardiology,Tier 3,3,TER-01,1,Low Value
HCP-0022,14,19,6768622.99,356243.32,14,1835,627,Oncology,Tier 3,10,TER-01,4,At Risk
HCP-0023,0,85,17709261.12,208344.25,16,11280,718,Pulmonology,Tier 1,17,TER-01,3,Loyal HCPs
HCP-0024,97,13,1707218.63,131324.51,6,1525,525,Cardiology,Tier 3,14,TER-01,1,Low Value
HCP-0025,28,15,1273923.96,84928.26,7,1550,683,Psychiatry,Tier 3,8,TER-01,1,Low Value
HCP-0026,3,17,762083.11,44828.42,6,1578,710,Cardiology,Tier 3,20,TER-01,1,Low Value
HCP-0027,194,12,2004726.49,167060.54,6,1175,429,Dermatology,Tier 3,4,TER-01,1,Low Value
HCP-0028,0,12,1196744.01,99728.67,7,1096,701,Cardiology,Tier 3,4,TER-01,1,Low Value
HCP-0029,40,24,3066884.82,127786.87,10,2456,654,Gastroenterology,Tier 3,14,TER-01,0,High Potential
HCP-0030,14,88,23838722.23,270894.57,15,12045,707,Rheumatology,Tier 1,18,TER-01,3,Loyal HCPs
HCP-0031,24,47,3828454.24,81456.47,10,3935,679,Endocrinology,Tier 2,25,TER-01,0,High Potential
HCP-0032,35,32,3945077.53,123283.67,13,2814,659,Endocrinology,Tier 2,11,TER-01,0,High Potential
HCP-0033,70,13,3018560.93,232196.99,7,1399,628,Gastroenterology,Tier 3,18,TER-01,1,Low Value
HCP-0034,11,66,11021771.47,166996.54,13,8638,712,Neurology,Tier 1,35,TER-01,3,Loyal HCPs
HCP-0035,17,57,14791802.98,259505.32,12,8309,695,Dermatology,Tier 1,32,TER-01,3,Loyal HCPs
HCP-0036,25,48,2329652.47,48534.43,8,4073,692,Cardiology,Tier 2,14,TER-01,0,High Potential
HCP-0037,257,13,533940.35,41072.33,5,815,392,Endocrinology,Tier 3,7,TER-02,1,Low Value
HCP-0038,83,14,2663007.13,190214.8,9,1398,627,Gastroenterology,Tier 3,7,TER-02,1,Low Value
HCP-0039,4,40,3198438.59,79960.96,12,3488,721,Gastroenterology,Tier 2,8,TER-02,0,High Potential
HCP-0040,18,38,4562070.35,120054.48,12,3157,646,Pulmonology,Tier 2,29,TER-02,0,High Potential
HCP-0041,69,22,2415042.2,109774.65,9,2445,654,Nephrology,Tier 3,5,TER-02,1,Low Value
HCP-0042,17,35,5716917.2,163340.49,10,2463,706,Rheumatology,Tier 2,16,TER-02,0,High Potential
HCP-0043,72,10,750040.43,75004.04,3,880,645,Gastroenterology,Tier 3,15,TER-02,1,Low Value
HCP-0044,1,13,795754.63,61211.89,8,710,652,Nephrology,Tier 3,11,TER-02,1,Low Value
HCP-0045,29,37,12018133.46,324814.42,16,3286,682,Oncology,Tier 2,27,TER-02,4,At Risk
HCP-0046,146,16,3423028.81,213939.3,8,1307,560,Rheumatology,Tier 3,16,TER-02,1,Low Value
HCP-0047,26,39,6788168.64,174055.61,12,3377,693,Dermatology,Tier 2,24,TER-02,0,High Potential
HCP-0048,17,34,4601942.49,135351.25,14,2684,678,Gastroenterology,Tier 2,8,TER-02,0,High Potential
HCP-0049,9,11,1975696.93,179608.81,4,949,664,Rheumatology,Tier 3,14,TER-02,1,Low Value
HCP-0050,40,11,1767216.56,160656.05,5,1179,663,Dermatology,Tier 3,9,TER-02,1,Low Value
HCP-0051,4,13,2292477.03,176344.39,9,1470,589,Psychiatry,Tier 3,19,TER-02,1,Low Value
HCP-0052,0,23,2928861.99,127341.83,7,2063,689,Pulmonology,Tier 3,7,TER-02,1,Low Value
HCP-0053,27,49,6475938.39,132162.01,11,4453,700,Pulmonology,Tier 2,28,TER-02,0,High Potential
HCP-0054,13,40,7143481.95,178587.05,15,3411,710,Pulmonology,Tier 2,12,TER-02,0,High Potential
HCP-0055,24,9,382336.67,42481.85,3,930,558,Cardiology,Tier 3,15,TER-02,1,Low Value
HCP-0056,35,52,3946134.93,75887.21,9,4283,667,Cardiology,Tier 2,17,TER-02,0,High Potential
HCP-0057,4,80,14338444.14,179230.55,14,11860,719,Neurology,Tier 1,38,TER-02,3,Loyal HCPs
HCP-0058,21,48,4614224.79,96129.68,13,3596,702,Nephrology,Tier 2,18,TER-02,0,High Potential
HCP-0059,95,16,8881755.93,555109.75,11,1654,621,Oncology,Tier 3,4,TER-02,4,At Risk
HCP-0060,16,13,889538.39,68426.03,7,1288,670,Cardiology,Tier 3,9,TER-02,1,Low Value
HCP-0061,11,22,4575268.63,207966.76,11,2266,656,Rheumatology,Tier 3,16,TER-02,0,High Potential
HCP-0062,81,17,1466552.75,86267.81,8,1554,614,Endocrinology,Tier 3,5,TER-02,1,Low Value
HCP-0063,67,13,2222563.65,170966.43,7,1139,634,Gastroenterology,Tier 3,20,TER-02,1,Low Value
HCP-0064,77,10,899192.99,89919.3,8,941,637,Dermatology,Tier 3,3,TER-02,1,Low Value
HCP-0065,204,13,1041801.6,80138.58,5,1107,521,Psychiatry,Tier 3,15,TER-02,1,Low Value
HCP-0066,8,39,7072501.66,181346.2,14,3464,719,Pulmonology,Tier 2,22,TER-02,0,High Potential
HCP-0067,33,42,2834313.58,67483.66,10,3349,685,Psychiatry,Tier 2,22,TER-02,0,High Potential
HCP-0068,13,30,4488161.36,149605.38,11,2468,671,Gastroenterology,Tier 2,16,TER-03,0,High Potential
HCP-0069,127,15,2334733.93,155648.93,10,1296,596,Psychiatry,Tier 3,9,TER-03,1,Low Value
HCP-0070,1,31,2900008.75,93548.67,9,2423,722,Gastroenterology,Tier 2,29,TER-03,0,High Potential
HCP-0071,51,42,2840566.32,67632.53,9,3461,676,Psychiatry,Tier 2,17,TER-03,0,High Potential
HCP-0072,32,10,1873921.35,187392.13,4,1155,658,Gastroenterology,Tier 3,17,TER-03,1,Low Value
HCP-0073,33,33,2808972.48,85120.38,7,2451,660,Neurology,Tier 2,17,TER-03,1,Low Value
HCP-0074,10,38,3024305.28,79586.98,9,3252,666,Endocrinology,Tier 2,11,TER-03,0,High Potential
HCP-0075,52,13,955289.13,73483.78,6,947,669,Nephrology,Tier 3,5,TER-03,1,Low Value
HCP-0076,16,40,6855046.39,171376.16,12,3074,687,Rheumatology,Tier 2,10,TER-03,0,High Potential
HCP-0077,181,11,1297129.49,117920.86,5,1270,542,Nephrology,Tier 3,15,TER-03,1,Low Value
HCP-0078,233,9,912737.08,101415.23,4,1089,293,Gastroenterology,Tier 3,10,TER-03,1,Low Value
HCP-0079,0,76,16756856.64,220484.96,16,11094,723,Psychiatry,Tier 1,30,TER-03,3,Loyal HCPs
HCP-0080,14,85,14002059.2,164730.11,15,12414,711,Gastroenterology,Tier 1,40,TER-03,3,Loyal HCPs
HCP-0081,70,12,1178557.28,98213.11,7,1083,605,Nephrology,Tier 3,4,TER-03,1,Low Value
HCP-0082,53,16,3530971.96,220685.75,10,1594,494,Psychiatry,Tier 3,16,TER-03,1,Low Value
HCP-0083,67,15,3902801.9,260186.79,6,1678,522,Dermatology,Tier 3,3,TER-03,1,Low Value
HCP-0084,19,15,1836111.39,122407.43,7,1640,688,Cardiology,Tier 3,20,TER-03,1,Low Value
HCP-0085,3,20,2009984.58,100499.23,8,1634,715,Endocrinology,Tier 3,15,TER-03,1,Low Value
HCP-0086,33,17,2226990.99,130999.47,8,1883,643,Endocrinology,Tier 3,15,TER-03,1,Low Value
HCP-0087,64,9,741505.81,82389.53,5,816,606,Neurology,Tier 3,12,TER-03,1,Low Value
HCP-0088,18,23,1794699.96,78030.43,7,2047,700,Gastroenterology,Tier 3,13,TER-03,1,Low Value
HCP-0089,61,19,1897152.23,99850.12,7,2128,640,Psychiatry,Tier 3,2,TER-03,1,Low Value
HCP-0090,0,92,57148785.5,621182.45,17,13034,720,Oncology,Tier 1,22,TER-03,2,Champions
HCP-0091,15,13,2156521.03,165886.23,9,1438,579,Nephrology,Tier 3,10,TER-03,1,Low Value
HCP-0092,29,52,9334057.29,179501.1,14,4496,696,Rheumatology,Tier 2,12,TER-03,0,High Potential
HCP-0093,24,23,2286305.07,99404.57,8,2126,691,Nephrology,Tier 3,20,TER-03,1,Low Value
HCP-0094,60,9,1474789.04,163865.45,4,782,629,Pulmonology,Tier 3,16,TER-03,1,Low Value
HCP-0095,47,14,1646127.4,117580.53,6,1272,654,Neurology,Tier 3,14,TER-03,1,Low Value
HCP-0096,117,11,1289639.46,117239.95,6,1024,557,Neurology,Tier 3,16,TER-03,1,Low Value
HCP-0097,64,11,1327305.69,120664.15,5,837,624,Endocrinology,Tier 3,17,TER-03,1,Low Value
HCP-0098,237,21,1797431.17,85591.96,9,1860,485,Psychiatry,Tier 3,3,TER-03,1,Low Value
HCP-0099,17,20,2805698.43,140284.92,9,1640,615,Dermatology,Tier 3,7,TER-03,1,Low Value
HCP-0100,46,40,12962704.35,324067.61,14,3130,672,Oncology,Tier 2,15,TER-03,4,At Risk
HCP-0101,107,15,2465377.99,164358.53,7,1397,594,Rheumatology,Tier 3,17,TER-04,1,Low Value
HCP-0102,4,17,2606982.89,153351.93,7,1808,711,Psychiatry,Tier 3,19,TER-04,1,Low Value
HCP-0103,7,39,2283947.0,58562.74,9,3174,705,Nephrology,Tier 2,20,TER-04,0,High Potential
HCP-0104,138,10,749081.26,74908.13,4,1016,575,Nephrology,Tier 3,14,TER-04,1,Low Value
HCP-0105,15,10,1465927.18,146592.72,7,909,678,Rheumatology,Tier 3,6,TER-04,1,Low Value
HCP-0106,82,19,2559541.96,134712.73,8,1825,636,Endocrinology,Tier 3,11,TER-04,1,Low Value
HCP-0107,130,19,2849410.12,149968.95,9,1839,536,Nephrology,Tier 3,10,TER-04,1,Low Value
HCP-0108,14,34,5475999.19,161058.8,12,3152,698,Gastroenterology,Tier 2,25,TER-04,0,High Potential
HCP-0109,30,16,2587221.06,161701.32,6,1820,674,Nephrology,Tier 3,14,TER-04,1,Low Value
HCP-0110,67,15,1394933.59,92995.57,6,1500,638,Gastroenterology,Tier 3,16,TER-04,1,Low Value
HCP-0111,6,31,2637519.46,85081.27,9,2735,712,Psychiatry,Tier 2,11,TER-04,0,High Potential
HCP-0112,5,12,2062313.56,171859.46,6,1111,637,Pulmonology,Tier 3,20,TER-04,1,Low Value
HCP-0113,8,16,1942895.03,121430.94,9,1172,711,Gastroenterology,Tier 3,5,TER-04,1,Low Value
HCP-0114,123,12,1685959.24,140496.6,7,965,583,Psychiatry,Tier 3,8,TER-04,1,Low Value
HCP-0115,40,19,2236722.53,117722.24,8,1612,643,Gastroenterology,Tier 3,19,TER-04,1,Low Value
HCP-0116,23,87,11816147.18,135817.78,12,11820,702,Endocrinology,Tier 1,32,TER-04,3,Loyal HCPs
HCP-0117,5,88,17752702.81,201735.26,15,12722,707,Gastroenterology,Tier 1,25,TER-04,3,Loyal HCPs
HCP-0118,3,30,4086817.57,136227.25,11,2607,723,Dermatology,Tier 2,22,TER-04,0,High Potential
HCP-0119,60,18,2150111.68,119450.65,9,1738,664,Pulmonology,Tier 3,16,TER-04,1,Low Value
HCP-0120,35,23,3801975.94,165303.3,9,2173,672,Dermatology,Tier 3,12,TER-04,1,Low Value
HCP-0121,37,19,2100554.78,110555.51,6,2085,685,Neurology,Tier 3,18,TER-04,1,Low Value
HCP-0122,25,10,549624.6,54962.46,2,841,617,Pulmonology,Tier 3,15,TER-04,1,Low Value
HCP-0123,1,19,2967358.24,156176.75,8,1958,703,Neurology,Tier 3,12,TER-04,1,Low Value
HCP-0124,15,10,907344.14,90734.41,5,1097,694,Neurology,Tier 3,19,TER-04,1,Low Value
HCP-0125,48,12,3515948.06,292995.67,7,900,663,Oncology,Tier 3,11,TER-04,1,Low Value
HCP-0126,7,23,1708040.01,74262.61,10,2087,669,Gastroenterology,Tier 3,13,TER-04,0,High Potential
HCP-0127,20,41,3285609.08,80136.81,10,3215,699,Endocrinology,Tier 2,30,TER-04,0,High Potential
HCP-0128,57,11,4446943.04,404267.55,7,1042,546,Oncology,Tier 3,6,TER-04,4,At Risk
HCP-0129,18,42,5319593.82,126657.0,13,3686,697,Psychiatry,Tier 2,13,TER-04,0,High Potential
HCP-0130,23,83,8251445.05,99415.0,12,12098,699,Cardiology,Tier 1,20,TER-05,3,Loyal HCPs
HCP-0131,15,22,5521903.44,250995.61,10,2140,609,Rheumatology,Tier 3,15,TER-05,0,High Potential
HCP-0132,50,12,933171.75,77764.31,7,908,652,Psychiatry,Tier 3,11,TER-05,1,Low Value
HCP-0133,18,23,1817349.83,79015.21,8,2422,706,Nephrology,Tier 3,12,TER-05,1,Low Value
HCP-0134,8,39,5488328.18,140726.36,11,3355,716,Pulmonology,Tier 2,10,TER-05,0,High Potential
HCP-0135,30,22,4319089.88,196322.27,12,2134,694,Rheumatology,Tier 3,20,TER-05,0,High Potential
HCP-0136,20,14,1280066.4,91433.31,7,1377,696,Endocrinology,Tier 3,16,TER-05,1,Low Value
HCP-0137,25,23,2619145.28,113875.88,7,2343,680,Pulmonology,Tier 3,14,TER-05,1,Low Value
HCP-0138,55,10,2033280.4,203328.04,5,876,561,Dermatology,Tier 3,18,TER-05,1,Low Value
HCP-0139,102,19,3423571.5,180187.97,9,1947,571,Gastroenterology,Tier 3,6,TER-05,1,Low Value
HCP-0140,19,22,4665875.85,212085.27,10,2107,708,Rheumatology,Tier 3,16,TER-05,0,High Potential
HCP-0141,60,17,1627734.47,95749.09,8,1399,643,Nephrology,Tier 3,3,TER-05,1,Low Value
HCP-0142,5,33,2577207.65,78097.2,9,2621,702,Nephrology,Tier 2,28,TER-05,0,High Potential
HCP-0143,1,15,1317072.22,87804.81,7,1317,645,Psychiatry,Tier 3,8,TER-05,1,Low Value
HCP-0144,9,84,13525503.67,161017.9,14,11567,714,Endocrinology,Tier 1,22,TER-05,3,Loyal HCPs
HCP-0145,37,47,3988431.79,84860.25,10,3669,683,Nephrology,Tier 2,21,TER-05,0,High Potential
HCP-0146,3,40,3949704.74,98742.62,11,3019,724,Nephrology,Tier 2,12,TER-05,0,High Potential
HCP-0147,16,42,6618376.56,157580.39,11,3807,705,Rheumatology,Tier 2,17,TER-05,0,High Potential
HCP-0148,10,75,11644063.79,155254.18,12,11395,715,Nephrology,Tier 1,21,TER-05,3,Loyal HCPs
HCP-0149,26,93,23267505.13,250188.23,17,11807,686,Dermatology,Tier 1,39,TER-05,3,Loyal HCPs
HCP-0150,5,32,10818318.79,338072.46,15,2420,712,Oncology,Tier 2,13,TER-05,4,At Risk
HCP-0151,38,43,6048580.26,140664.66,13,3462,666,Gastroenterology,Tier 2,27,TER-05,0,High Potential
HCP-0152,3,16,3283551.14,205221.95,8,1706,711,Gastroenterology,Tier 3,20,TER-05,1,Low Value
HCP-0153,70,23,2818836.52,122558.11,10,2377,637,Endocrinology,Tier 3,6,TER-05,1,Low Value
HCP-0154,62,13,1748801.86,134523.22,5,1377,665,Pulmonology,Tier 3,11,TER-05,1,Low Value
HCP-0155,15,11,1183966.8,107633.35,6,792,651,Dermatology,Tier 3,16,TER-05,1,Low Value
HCP-0156,8,50,5492567.22,109851.34,12,4156,693,Dermatology,Tier 2,15,TER-05,0,High Potential
HCP-0157,59,20,1876588.48,93829.42,8,1713,601,Endocrinology,Tier 3,11,TER-06,1,Low Value
HCP-0158,1,20,4103999.72,205199.99,7,2036,695,Dermatology,Tier 3,10,TER-06,1,Low Value
HCP-0159,28,33,3735659.51,113201.8,14,2324,693,Gastroenterology,Tier 2,28,TER-06,0,High Potential
HCP-0160,147,14,1050879.4,75062.81,6,1494,558,Pulmonology,Tier 3,9,TER-06,1,Low Value
HCP-0161,11,16,1054280.6,65892.54,5,1453,708,Endocrinology,Tier 3,4,TER-06,1,Low Value
HCP-0162,61,14,1430028.63,102144.9,6,1431,659,Neurology,Tier 3,2,TER-06,1,Low Value
HCP-0163,48,28,3799479.52,135695.7,10,2469,651,Rheumatology,Tier 2,18,TER-06,0,High Potential
HCP-0164,20,23,1463884.94,63647.17,9,1726,699,Psychiatry,Tier 3,7,TER-06,1,Low Value
HCP-0165,105,16,602287.68,37642.98,7,1360,569,Cardiology,Tier 3,11,TER-06,1,Low Value
HCP-0166,70,33,2015993.25,61090.7,7,2611,623,Cardiology,Tier 2,18,TER-06,1,Low Value
HCP-0167,20,22,9253193.94,420599.72,12,2140,679,Oncology,Tier 3,7,TER-06,4,At Risk
HCP-0168,50,18,8155185.75,453065.88,12,1671,644,Oncology,Tier 3,15,TER-06,4,At Risk
HCP-0169,19,33,2791708.64,84597.23,11,2798,678,Psychiatry,Tier 2,30,TER-06,0,High Potential
HCP-0170,120,10,1489331.66,148933.17,6,892,603,Neurology,Tier 3,15,TER-06,1,Low Value
HCP-0171,31,48,2787364.85,58070.1,11,3975,664,Endocrinology,Tier 2,12,TER-07,0,High Potential
HCP-0172,21,20,2278684.28,113934.21,8,1862,653,Neurology,Tier 3,14,TER-07,1,Low Value
HCP-0173,40,17,4199253.39,247014.91,9,1927,625,Dermatology,Tier 3,18,TER-07,1,Low Value
HCP-0174,7,44,4493691.22,102129.35,10,3336,714,Pulmonology,Tier 2,25,TER-07,0,High Potential
HCP-0175,6,37,2677608.75,72367.8,11,2794,707,Psychiatry,Tier 2,11,TER-07,0,High Potential
HCP-0176,18,16,1444984.24,90311.52,5,1539,705,Neurology,Tier 3,4,TER-07,1,Low Value
HCP-0177,6,33,3338831.93,101176.73,12,2860,686,Psychiatry,Tier 2,19,TER-07,0,High Potential
HCP-0178,40,9,1236880.51,137431.17,6,775,666,Dermatology,Tier 3,11,TER-07,1,Low Value
HCP-0179,83,23,3396320.17,147666.09,12,2033,642,Dermatology,Tier 3,12,TER-07,1,Low Value
HCP-0180,43,9,611257.22,67917.47,4,631,669,Pulmonology,Tier 3,6,TER-07,1,Low Value
HCP-0181,3,45,5108574.81,113523.88,12,4111,723,Pulmonology,Tier 2,10,TER-07,0,High Potential
HCP-0182,30,16,1315806.99,82237.94,7,1289,694,Pulmonology,Tier 3,20,TER-07,1,Low Value
HCP-0183,60,10,608136.09,60813.61,4,995,580,Gastroenterology,Tier 3,2,TER-07,1,Low Value
HCP-0184,19,40,13689723.5,342243.09,15,3379,685,Oncology,Tier 2,22,TER-07,4,At Risk
HCP-0185,4,31,4230220.73,136458.73,10,2340,722,Rheumatology,Tier 2,18,TER-07,0,High Potential
HCP-0186,1,39,3033404.15,77779.59,8,3140,705,Pulmonology,Tier 2,18,TER-07,0,High Potential
HCP-0187,16,62,42841538.46,690992.56,17,8790,703,Oncology,Tier 1,22,TER-07,2,Champions
HCP-0188,134,10,881135.88,88113.59,6,1041,536,Nephrology,Tier 3,2,TER-07,1,Low Value
HCP-0189,18,41,2233899.95,54485.36,8,3626,709,Cardiology,Tier 2,23,TER-07,0,High Potential
HCP-0190,86,19,3513696.85,184931.41,12,1918,556,Nephrology,Tier 3,14,TER-07,1,Low Value
HCP-0191,2,19,3506908.46,184574.13,8,1693,713,Dermatology,Tier 3,18,TER-08,1,Low Value
HCP-0192,72,20,2482328.38,124116.42,9,2023,643,Endocrinology,Tier 3,14,TER-08,1,Low Value
HCP-0193,8,42,6297193.12,149933.17,11,3724,699,Rheumatology,Tier 2,20,TER-08,0,High Potential
HCP-0194,17,20,1817711.85,90885.59,8,1965,709,Endocrinology,Tier 3,18,TER-08,1,Low Value
HCP-0195,19,25,4776050.6,191042.02,10,2412,706,Rheumatology,Tier 3,18,TER-08,0,High Potential
HCP-0196,9,43,7287459.17,169475.79,12,4223,697,Dermatology,Tier 2,26,TER-08,0,High Potential
HCP-0197,17,21,4552409.2,216781.39,7,1856,655,Rheumatology,Tier 3,9,TER-08,1,Low Value
HCP-0198,9,20,11775124.35,588756.22,10,2018,711,Oncology,Tier 3,9,TER-08,4,At Risk
HCP-0199,6,44,6729924.81,152952.84,15,3151,714,Gastroenterology,Tier 2,24,TER-08,0,High Potential
HCP-0200,13,79,14915272.87,188800.92,16,10866,708,Endocrinology,Tier 1,21,TER-08,3,Loyal HCPs
HCP-0201,7,46,5154609.43,112056.73,13,3927,712,Neurology,Tier 2,27,TER-08,0,High Potential
HCP-0202,27,18,1979118.64,109951.04,10,1656,682,Nephrology,Tier 3,8,TER-08,1,Low Value
HCP-0203,22,31,5343201.38,172361.33,11,2190,669,Dermatology,Tier 2,29,TER-08,0,High Potential
HCP-0204,19,39,2885121.89,73977.48,9,3230,707,Psychiatry,Tier 2,23,TER-08,0,High Potential
HCP-0205,8,35,2680697.97,76591.37,10,2837,695,Cardiology,Tier 2,15,TER-08,0,High Potential
HCP-0206,8,35,3492398.8,99782.82,13,2901,698,Endocrinology,Tier 2,25,TER-08,0,High Potential
HCP-0207,17,46,2000859.95,43496.96,8,3875,700,Cardiology,Tier 2,28,TER-08,0,High Potential
HCP-0208,38,9,512385.78,56931.75,5,924,648,Endocrinology,Tier 3,14,TER-08,1,Low Value
HCP-0209,119,18,3539618.19,196645.46,7,1885,583,Dermatology,Tier 3,11,TER-08,1,Low Value
HCP-0210,46,32,5258372.67,164324.15,11,3142,625,Dermatology,Tier 2,13,TER-08,0,High Potential
HCP-0211,23,49,5901801.22,120444.92,13,4566,699,Nephrology,Tier 2,29,TER-08,0,High Potential
HCP-0212,16,60,13662506.23,227708.44,14,8576,706,Dermatology,Tier 1,19,TER-08,3,Loyal HCPs
HCP-0213,13,10,489108.07,48910.81,5,793,706,Nephrology,Tier 3,11,TER-08,1,Low Value
HCP-0214,35,31,4838759.3,156089.01,7,2307,682,Dermatology,Tier 2,17,TER-08,1,Low Value
HCP-0215,20,31,3716852.05,119898.45,10,2637,696,Gastroenterology,Tier 2,12,TER-08,0,High Potential
HCP-0216,0,13,2657085.71,204391.21,6,1350,712,Gastroenterology,Tier 3,4,TER-08,1,Low Value
HCP-0217,15,23,3704409.12,161061.27,11,2609,672,Pulmonology,Tier 3,20,TER-08,0,High Potential
HCP-0218,7,23,5827186.36,253355.93,11,2622,713,Rheumatology,Tier 3,4,TER-08,0,High Potential
HCP-0219,60,16,806674.23,50417.14,6,1211,612,Cardiology,Tier 3,11,TER-09,1,Low Value
HCP-0220,26,22,1454419.65,66109.98,9,1922,675,Cardiology,Tier 3,13,TER-09,1,Low Value
HCP-0221,2,33,2303431.19,69800.95,9,2919,723,Endocrinology,Tier 2,28,TER-09,0,High Potential
HCP-0222,26,9,1883802.94,209311.44,7,792,701,Oncology,Tier 3,4,TER-09,1,Low Value
HCP-0223,44,22,2762304.47,125559.29,9,2182,595,Gastroenterology,Tier 3,2,TER-09,1,Low Value
HCP-0224,0,35,3311009.78,94600.28,9,2814,704,Neurology,Tier 2,16,TER-09,0,High Potential
HCP-0225,3,19,1306753.24,68776.49,6,2018,706,Cardiology,Tier 3,8,TER-09,1,Low Value
HCP-0226,156,11,2841966.9,258360.63,7,1165,564,Gastroenterology,Tier 3,14,TER-09,1,Low Value
HCP-0227,11,46,4646830.88,101018.06,13,3644,707,Nephrology,Tier 2,26,TER-09,0,High Potential
HCP-0228,17,19,5741838.36,302202.02,11,1505,666,Oncology,Tier 3,10,TER-09,4,At Risk
HCP-0229,0,18,2659752.2,147764.01,10,1966,696,Neurology,Tier 3,18,TER-09,0,High Potential
HCP-0230,27,18,2492477.19,138470.95,11,1794,622,Psychiatry,Tier 3,9,TER-09,0,High Potential
HCP-0231,48,18,6738660.46,374370.03,10,1766,666,Oncology,Tier 3,14,TER-09,4,At Risk
HCP-0232,3,63,11708149.73,185843.65,16,9027,700,Gastroenterology,Tier 1,23,TER-09,3,Loyal HCPs
HCP-0233,17,19,3540091.18,186320.59,8,1697,700,Gastroenterology,Tier 3,8,TER-09,1,Low Value
HCP-0234,17,19,1929795.35,101568.18,6,1857,702,Psychiatry,Tier 3,8,TER-09,1,Low Value
HCP-0235,26,12,1059502.75,88291.9,3,940,566,Neurology,Tier 3,10,TER-09,1,Low Value
HCP-0236,28,9,959781.12,106642.35,5,1009,681,Neurology,Tier 3,13,TER-09,1,Low Value
HCP-0237,4,69,12300655.88,178270.38,13,9335,721,Pulmonology,Tier 1,24,TER-09,3,Loyal HCPs
HCP-0238,74,23,2009329.66,87362.16,6,2387,651,Neurology,Tier 3,17,TER-09,1,Low Value
HCP-0239,1,42,5475320.26,130364.77,12,3256,724,Pulmonology,Tier 2,13,TER-09,0,High Potential
HCP-0240,73,21,1643541.95,78263.9,7,1829,572,Cardiology,Tier 3,15,TER-09,1,Low Value
HCP-0241,5,32,2500044.59,78126.39,10,2802,695,Psychiatry,Tier 2,9,TER-09,0,High Potential
HCP-0242,3,71,13143049.84,185113.38,15,9502,724,Pulmonology,Tier 1,32,TER-10,3,Loyal HCPs
HCP-0243,17,38,8080283.79,212639.05,15,3314,659,Rheumatology,Tier 2,16,TER-10,0,High Potential
HCP-0244,0,18,2736225.71,152012.54,11,1640,669,Gastroenterology,Tier 3,4,TER-10,0,High Potential
HCP-0245,19,18,799413.19,44411.84,5,1491,705,Cardiology,Tier 3,4,TER-10,1,Low Value
HCP-0246,125,10,451631.92,45163.19,4,973,547,Cardiology,Tier 3,8,TER-10,1,Low Value
HCP-0247,28,16,1600596.0,100037.25,6,1419,665,Pulmonology,Tier 3,3,TER-10,1,Low Value
HCP-0248,96,18,4875453.39,270858.52,13,1673,583,Oncology,Tier 3,11,TER-10,4,At Risk
HCP-0249,41,19,3001713.52,157984.92,9,1692,654,Pulmonology,Tier 3,3,TER-10,1,Low Value
HCP-0250,5,49,6414634.38,130910.91,12,4005,714,Neurology,Tier 2,28,TER-10,0,High Potential
HCP-0251,21,22,7745843.6,352083.8,13,2009,675,Oncology,Tier 3,20,TER-10,4,At Risk
HCP-0252,1,70,9139540.69,130564.87,11,9698,719,Endocrinology,Tier 1,37,TER-10,3,Loyal HCPs
HCP-0253,1,60,7484593.45,124743.22,11,8802,714,Nephrology,Tier 1,26,TER-10,3,Loyal HCPs
HCP-0254,132,18,2519189.05,139954.95,7,1744,566,Pulmonology,Tier 3,5,TER-10,1,Low Value
HCP-0255,15,88,53501326.62,607969.62,17,12652,701,Oncology,Tier 1,39,TER-10,2,Champions
HCP-0256,0,41,3783497.65,92280.43,9,3056,701,Endocrinology,Tier 2,17,TER-10,0,High Potential
HCP-0257,1,45,7609303.67,169095.64,11,3756,681,Dermatology,Tier 2,16,TER-10,0,High Potential
HCP-0258,23,50,6025637.09,120512.74,15,4381,701,Nephrology,Tier 2,20,TER-10,0,High Potential
HCP-0259,18,30,8139153.44,271305.11,11,2954,699,Rheumatology,Tier 2,17,TER-10,4,At Risk
HCP-0260,11,42,4048835.53,96400.85,14,3719,704,Psychiatry,Tier 2,15,TER-10,0,High Potential
HCP-0261,37,20,2098543.21,104927.16,7,1684,624,Pulmonology,Tier 3,19,TER-10,1,Low Value
HCP-0262,16,59,33659152.22,570494.11,17,7962,701,Oncology,Tier 1,19,TER-10,2,Champions
HCP-0263,22,20,3181609.91,159080.5,8,1836,649,Dermatology,Tier 3,17,TER-10,1,Low Value
HCP-0264,8,19,2940842.32,154781.17,9,1559,703,Dermatology,Tier 3,9,TER-10,1,Low Value
HCP-0265,12,18,9425975.13,523665.28,9,1723,590,Oncology,Tier 3,15,TER-10,4,At Risk
HCP-0266,15,16,1899946.57,118746.66,10,1193,631,Rheumatology,Tier 3,16,TER-10,1,Low Value
HCP-0267,46,42,6430410.15,153105.0,14,3671,681,Dermatology,Tier 2,12,TER-10,0,High Potential
HCP-0268,7,49,7417145.36,151370.31,10,4215,703,Dermatology,Tier 2,30,TER-10,0,High Potential
HCP-0269,4,77,13234411.58,171875.48,15,10587,717,Neurology,Tier 1,36,TER-10,3,Loyal HCPs
HCP-0270,6,24,2745364.62,114390.19,7,2133,718,Endocrinology,Tier 3,15,TER-10,1,Low Value
HCP-0271,0,63,8225181.62,130558.44,14,8916,708,Gastroenterology,Tier 1,23,TER-10,3,Loyal HCPs
HCP-0272,7,42,3189498.4,75940.44,11,3156,698,Gastroenterology,Tier 2,11,TER-10,0,High Potential
HCP-0273,46,18,2267715.22,125984.18,10,1299,623,Rheumatology,Tier 3,20,TER-10,1,Low Value
HCP-0274,17,11,1600796.45,145526.95,7,980,665,Neurology,Tier 3,9,TER-11,1,Low Value
HCP-0275,95,19,1476069.3,77687.86,9,1739,615,Endocrinology,Tier 3,14,TER-11,1,Low Value
HCP-0276,23,9,1660211.47,184467.94,7,690,668,Rheumatology,Tier 3,13,TER-11,1,Low Value
HCP-0277,105,9,2224573.05,247174.78,7,757,511,Oncology,Tier 3,15,TER-11,1,Low Value
HCP-0278,2,18,2379205.4,132178.08,6,1775,711,Gastroenterology,Tier 3,3,TER-11,1,Low Value
HCP-0279,209,12,1764134.24,147011.19,9,1373,490,Psychiatry,Tier 3,18,TER-11,1,Low Value
HCP-0280,8,22,1399486.4,63613.02,7,1949,715,Cardiology,Tier 3,19,TER-11,1,Low Value
HCP-0281,1,46,6431726.51,139820.14,11,3560,694,Dermatology,Tier 2,11,TER-11,0,High Potential
HCP-0282,40,34,6300556.99,185310.5,10,2730,667,Rheumatology,Tier 2,13,TER-11,0,High Potential
HCP-0283,42,11,1046872.36,95170.21,5,1006,663,Pulmonology,Tier 3,19,TER-11,1,Low Value
HCP-0284,24,23,4832365.61,210102.85,11,2362,700,Dermatology,Tier 3,15,TER-11,0,High Potential
HCP-0285,25,21,8754212.21,416867.25,11,1827,702,Oncology,Tier 3,6,TER-11,4,At Risk
HCP-0286,12,78,14000512.65,179493.75,17,11178,709,Pulmonology,Tier 1,37,TER-11,3,Loyal HCPs
HCP-0287,4,11,1603007.67,145727.97,6,917,700,Dermatology,Tier 3,13,TER-11,1,Low Value
HCP-0288,59,21,1793960.97,85426.71,8,1710,657,Neurology,Tier 3,12,TER-11,1,Low Value
HCP-0289,0,83,25884357.14,311859.72,16,11995,690,Dermatology,Tier 1,15,TER-11,3,Loyal HCPs
HCP-0290,4,13,1072142.28,82472.48,5,1405,707,Endocrinology,Tier 3,7,TER-11,1,Low Value
HCP-0291,142,18,3723433.92,206857.44,9,2079,562,Endocrinology,Tier 3,14,TER-11,1,Low Value
HCP-0292,9,62,10554220.66,170229.37,16,9325,718,Gastroenterology,Tier 1,17,TER-11,3,Loyal HCPs
HCP-0293,3,20,7854987.75,392749.39,9,1891,703,Oncology,Tier 3,17,TER-11,4,At Risk
HCP-0294,11,36,3828474.03,106346.5,11,3304,703,Nephrology,Tier 2,20,TER-11,0,High Potential
HCP-0295,20,17,2336023.1,137413.12,7,1713,662,Psychiatry,Tier 3,8,TER-11,1,Low Value
HCP-0296,21,35,5658127.94,161660.8,10,2930,697,Dermatology,Tier 2,19,TER-12,0,High Potential
HCP-0297,5,42,8557189.38,203742.6,11,3867,720,Rheumatology,Tier 2,30,TER-12,0,High Potential
HCP-0298,6,45,17456243.78,387916.53,15,3497,715,Oncology,Tier 2,28,TER-12,4,At Risk
HCP-0299,27,14,2851925.63,203708.97,7,1534,638,Rheumatology,Tier 3,18,TER-12,1,Low Value
HCP-0300,35,28,2440428.3,87158.15,10,2532,640,Endocrinology,Tier 2,10,TER-12,0,High Potential
HCP-0301,79,18,3754094.19,208560.79,10,1503,593,Oncology,Tier 3,18,TER-12,1,Low Value
HCP-0302,6,47,7692564.38,163671.58,14,3797,721,Dermatology,Tier 2,10,TER-12,0,High Potential
HCP-0303,31,12,2691827.7,224318.98,8,1374,695,Dermatology,Tier 3,15,TER-12,1,Low Value
HCP-0304,11,22,4365060.37,198411.84,10,1763,710,Rheumatology,Tier 3,11,TER-12,0,High Potential
HCP-0305,26,84,11622770.96,138366.32,14,11547,700,Psychiatry,Tier 1,31,TER-12,3,Loyal HCPs
HCP-0306,69,22,5020805.21,228218.42,8,2393,589,Dermatology,Tier 3,12,TER-12,1,Low Value
HCP-0307,15,86,14147796.66,164509.26,17,10525,694,Psychiatry,Tier 1,16,TER-12,3,Loyal HCPs
HCP-0308,4,28,4100552.78,146448.31,10,2224,650,Rheumatology,Tier 2,15,TER-12,0,High Potential
HCP-0309,15,92,17346844.76,188552.66,13,14147,707,Neurology,Tier 1,19,TER-12,3,Loyal HCPs
HCP-0310,46,19,827988.15,43578.32,5,1477,653,Gastroenterology,Tier 3,9,TER-12,1,Low Value
HCP-0311,1,38,3154072.47,83001.91,12,3271,695,Cardiology,Tier 2,15,TER-12,0,High Potential
HCP-0312,21,9,412828.28,45869.81,4,752,641,Nephrology,Tier 3,4,TER-12,1,Low Value
HCP-0313,79,23,4100032.79,178262.3,9,2215,640,Gastroenterology,Tier 3,13,TER-12,1,Low Value
HCP-0314,116,17,1141902.3,67170.72,6,1330,607,Endocrinology,Tier 3,15,TER-12,1,Low Value
HCP-0315,69,20,1923556.08,96177.8,7,1391,621,Cardiology,Tier 3,11,TER-12,1,Low Value
HCP-0316,13,18,2321349.83,128963.88,9,1259,683,Dermatology,Tier 3,9,TER-12,1,Low Value
HCP-0317,2,92,14605888.11,158759.65,16,13698,692,Endocrinology,Tier 1,17,TER-13,3,Loyal HCPs
HCP-0318,14,47,5191791.18,110463.64,11,3861,668,Neurology,Tier 2,30,TER-13,0,High Potential
HCP-0319,2,50,9914642.83,198292.86,13,3924,687,Rheumatology,Tier 2,12,TER-13,0,High Potential
HCP-0320,7,49,4891719.73,99831.01,13,3688,715,Gastroenterology,Tier 2,17,TER-13,0,High Potential
HCP-0321,23,20,4420226.52,221011.33,9,1790,669,Rheumatology,Tier 3,8,TER-13,1,Low Value
HCP-0322,142,19,1496820.21,78780.01,8,2149,545,Nephrology,Tier 3,7,TER-13,1,Low Value
HCP-0323,4,71,17727033.97,249676.53,15,9255,712,Dermatology,Tier 1,18,TER-13,3,Loyal HCPs
HCP-0324,70,12,1781748.49,148479.04,8,1115,536,Dermatology,Tier 3,4,TER-13,1,Low Value
HCP-0325,6,53,5475529.68,103311.88,11,4055,698,Psychiatry,Tier 2,13,TER-13,0,High Potential
HCP-0326,3,40,4388247.38,109706.18,12,2804,711,Gastroenterology,Tier 2,16,TER-13,0,High Potential
HCP-0327,16,41,4371638.0,106625.32,12,3364,681,Nephrology,Tier 2,21,TER-13,0,High Potential
HCP-0328,48,39,6369467.64,163319.68,16,3101,670,Pulmonology,Tier 2,28,TER-13,0,High Potential
HCP-0329,9,50,9052671.03,181053.42,14,4079,705,Rheumatology,Tier 2,20,TER-13,0,High Potential
HCP-0330,18,48,8995732.29,187411.09,18,4241,688,Psychiatry,Tier 2,26,TER-13,0,High Potential
HCP-0331,30,12,528628.7,44052.39,4,1123,642,Cardiology,Tier 3,20,TER-13,1,Low Value
HCP-0332,9,16,1878522.11,117407.63,9,1368,709,Rheumatology,Tier 3,13,TER-13,1,Low Value
HCP-0333,99,17,1628231.74,95778.34,8,1394,609,Endocrinology,Tier 3,3,TER-13,1,Low Value
HCP-0334,37,10,884606.15,88460.62,5,1033,636,Gastroenterology,Tier 3,12,TER-13,1,Low Value
HCP-0335,11,13,2918312.4,224485.57,4,1366,683,Dermatology,Tier 3,4,TER-13,1,Low Value
HCP-0336,15,16,4841461.94,302591.37,10,1533,708,Oncology,Tier 3,12,TER-13,4,At Risk
HCP-0337,8,47,4568666.17,97205.66,13,3975,710,Nephrology,Tier 2,13,TER-13,0,High Potential
HCP-0338,19,39,7519236.98,192800.95,10,3851,669,Rheumatology,Tier 2,23,TER-13,0,High Potential
HCP-0339,68,19,3615783.13,190304.38,8,1796,625,Dermatology,Tier 3,16,TER-13,1,Low Value
HCP-0340,91,9,614340.06,68260.01,4,881,522,Cardiology,Tier 3,14,TER-13,1,Low Value
HCP-0341,32,44,4345520.29,98761.82,10,3666,648,Psychiatry,Tier 2,13,TER-13,0,High Potential
HCP-0342,25,71,7730261.66,108876.92,11,9913,695,Endocrinology,Tier 1,20,TER-13,3,Loyal HCPs
HCP-0343,21,20,9551342.17,477567.11,11,1940,695,Oncology,Tier 3,15,TER-14,4,At Risk
HCP-0344,106,18,1959822.43,108879.02,6,1493,621,Pulmonology,Tier 3,11,TER-14,1,Low Value
HCP-0345,22,44,4478706.71,101788.79,12,3720,674,Neurology,Tier 2,21,TER-14,0,High Potential
HCP-0346,34,17,3818756.92,224632.76,10,1749,635,Dermatology,Tier 3,5,TER-14,1,Low Value
HCP-0347,1,71,13619537.39,191824.47,15,9800,723,Pulmonology,Tier 1,20,TER-14,3,Loyal HCPs
HCP-0348,27,11,911590.33,82871.85,5,1153,677,Gastroenterology,Tier 3,20,TER-14,1,Low Value
HCP-0349,85,18,4462180.08,247898.89,8,1966,582,Rheumatology,Tier 3,19,TER-14,1,Low Value
HCP-0350,16,15,1543898.59,102926.57,5,1447,620,Gastroenterology,Tier 3,11,TER-14,1,Low Value
HCP-0351,26,23,3530515.1,153500.66,8,1869,639,Rheumatology,Tier 3,5,TER-14,1,Low Value
HCP-0352,16,46,17596654.42,382535.97,17,4245,683,Oncology,Tier 2,29,TER-14,4,At Risk
HCP-0353,28,10,1279876.0,127987.6,8,814,671,Dermatology,Tier 3,14,TER-14,1,Low Value
HCP-0354,86,10,1111402.88,111140.29,6,1167,623,Cardiology,Tier 3,5,TER-14,1,Low Value
HCP-0355,10,44,3845608.06,87400.18,12,3509,710,Nephrology,Tier 2,21,TER-14,0,High Potential
HCP-0356,25,40,16666826.29,416670.66,13,3198,684,Oncology,Tier 2,27,TER-14,4,At Risk
HCP-0357,30,42,6317307.31,150412.08,15,3271,657,Psychiatry,Tier 2,19,TER-14,0,High Potential
HCP-0358,3,17,4655682.26,273863.66,9,1905,717,Gastroenterology,Tier 3,11,TER-14,4,At Risk
HCP-0359,12,59,9588161.0,162511.2,11,8764,712,Psychiatry,Tier 1,28,TER-14,3,Loyal HCPs
HCP-0360,12,70,15503971.64,221485.31,15,9716,715,Pulmonology,Tier 1,19,TER-14,3,Loyal HCPs
HCP-0361,11,51,4040412.39,79223.77,11,3958,655,Psychiatry,Tier 2,19,TER-14,0,High Potential
HCP-0362,0,23,5183600.17,225373.92,8,2335,625,Dermatology,Tier 3,9,TER-14,0,High Potential
HCP-0363,54,15,1982854.97,132190.33,8,1519,647,Neurology,Tier 3,10,TER-14,1,Low Value
HCP-0364,16,43,6114683.44,142201.94,12,3504,707,Rheumatology,Tier 2,15,TER-14,0,High Potential
HCP-0365,23,64,6510723.54,101730.06,11,8831,695,Cardiology,Tier 1,19,TER-14,3,Loyal HCPs
HCP-0366,28,13,1367449.25,105188.4,8,1326,644,Nephrology,Tier 3,14,TER-14,1,Low Value
HCP-0367,47,12,7253736.35,604478.03,8,1137,676,Oncology,Tier 3,2,TER-15,4,At Risk
HCP-0368,14,31,5293409.99,170755.16,11,2915,705,Dermatology,Tier 2,10,TER-15,0,High Potential
HCP-0369,70,18,2030518.1,112806.56,8,1303,638,Nephrology,Tier 3,6,TER-15,1,Low Value
HCP-0370,63,9,3548675.53,394297.28,9,914,561,Oncology,Tier 3,3,TER-15,4,At Risk
HCP-0371,53,21,2251739.63,107225.7,8,2123,625,Psychiatry,Tier 3,18,TER-15,1,Low Value
HCP-0372,22,21,2424969.69,115474.75,5,1766,705,Pulmonology,Tier 3,12,TER-15,1,Low Value
HCP-0373,21,17,2611627.1,153625.12,7,1675,689,Neurology,Tier 3,10,TER-15,1,Low Value
HCP-0374,44,12,1032254.94,86021.25,7,1029,550,Rheumatology,Tier 3,17,TER-15,1,Low Value
HCP-0375,55,19,1425211.02,75011.11,7,1606,601,Endocrinology,Tier 3,8,TER-15,1,Low Value
HCP-0376,44,12,963055.81,80254.65,7,1214,673,Psychiatry,Tier 3,7,TER-15,1,Low Value
HCP-0377,84,9,1430652.8,158961.42,6,784,634,Rheumatology,Tier 3,17,TER-15,1,Low Value
HCP-0378,113,23,2150033.61,93479.72,11,1955,542,Psychiatry,Tier 3,2,TER-15,1,Low Value
HCP-0379,13,30,2257389.46,75246.32,9,2415,670,Neurology,Tier 2,12,TER-15,0,High Potential
HCP-0380,46,11,1822983.4,165725.76,8,1246,676,Psychiatry,Tier 3,15,TER-15,1,Low Value
HCP-0381,42,16,6505634.75,406602.17,10,1504,609,Oncology,Tier 3,9,TER-15,4,At Risk
HCP-0382,116,19,3132626.2,164875.06,7,1918,606,Dermatology,Tier 3,3,TER-15,1,Low Value
HCP-0383,25,15,785258.51,52350.57,5,1269,665,Cardiology,Tier 3,5,TER-15,1,Low Value
HCP-0384,0,44,2242974.38,50976.69,10,3651,727,Cardiology,Tier 2,21,TER-15,0,High Potential
HCP-0385,17,15,3270388.53,218025.9,6,1625,639,Dermatology,Tier 3,5,TER-15,1,Low Value
HCP-0386,7,85,13059504.93,153641.23,14,11708,717,Psychiatry,Tier 1,37,TER-15,3,Loyal HCPs
HCP-0387,3,24,2789382.06,116224.25,10,2397,678,Psychiatry,Tier 3,4,TER-15,0,High Potential
HCP-0388,0,35,4456781.1,127336.6,13,2993,725,Nephrology,Tier 2,22,TER-15,0,High Potential
HCP-0389,3,37,3394336.2,91738.82,9,2731,710,Neurology,Tier 2,11,TER-15,0,High Potential
HCP-0390,32,46,5120431.97,111313.74,9,3659,684,Neurology,Tier 2,27,TER-15,0,High Potential
HCP-0391,27,23,2042720.95,88813.95,8,2540,690,Psychiatry,Tier 3,14,TER-15,1,Low Value
HCP-0392,7,17,1579161.66,92891.86,8,1934,660,Endocrinology,Tier 3,15,TER-15,1,Low Value
HCP-0393,14,46,3187342.87,69290.06,10,4469,695,Cardiology,Tier 2,23,TER-15,0,High Potential
HCP-0394,31,23,1949582.17,84764.44,8,2148,695,Cardiology,Tier 3,12,TER-15,1,Low Value
HCP-0395,40,13,5579496.18,429192.01,10,1127,634,Oncology,Tier 3,19,TER-15,4,At Risk
HCP-0396,6,10,819320.46,81932.05,6,917,605,Endocrinology,Tier 3,17,TER-16,1,Low Value
HCP-0397,1,35,3781722.41,108049.21,12,2766,715,Gastroenterology,Tier 2,22,TER-16,0,High Potential
HCP-0398,19,33,3207691.02,97202.76,10,3060,693,Psychiatry,Tier 2,11,TER-16,0,High Potential
HCP-0399,8,17,3881070.07,228298.24,9,1825,710,Rheumatology,Tier 3,18,TER-16,1,Low Value
HCP-0400,87,17,1659712.87,97630.17,6,1389,637,Neurology,Tier 3,13,TER-16,1,Low Value
HCP-0401,8,49,5424543.39,110704.97,13,4076,686,Nephrology,Tier 2,30,TER-16,0,High Potential
HCP-0402,0,17,7573676.57,445510.39,11,1843,727,Oncology,Tier 3,10,TER-16,4,At Risk
HCP-0403,135,10,2188746.25,218874.62,6,1078,519,Gastroenterology,Tier 3,5,TER-16,1,Low Value
HCP-0404,5,51,5255114.25,103041.46,10,4317,705,Psychiatry,Tier 2,24,TER-16,0,High Potential
HCP-0405,26,23,1952104.47,84874.11,7,1801,677,Endocrinology,Tier 3,5,TER-16,1,Low Value
HCP-0406,23,11,1073184.73,97562.25,4,888,677,Gastroenterology,Tier 3,14,TER-16,1,Low Value
HCP-0407,65,16,1179511.51,73719.47,6,1340,656,Pulmonology,Tier 3,19,TER-16,1,Low Value
HCP-0408,4,32,4113011.3,128531.6,11,2378,699,Endocrinology,Tier 2,24,TER-16,0,High Potential
HCP-0409,34,16,3333064.11,208316.51,6,1535,690,Rheumatology,Tier 3,19,TER-16,1,Low Value
HCP-0410,1,71,9765433.89,137541.32,9,10224,724,Cardiology,Tier 1,23,TER-16,3,Loyal HCPs
HCP-0411,6,49,4582056.04,93511.35,13,4217,713,Pulmonology,Tier 2,19,TER-16,0,High Potential
HCP-0412,4,47,2383487.54,50712.5,8,3991,713,Cardiology,Tier 2,20,TER-16,0,High Potential
HCP-0413,6,20,2682261.23,134113.06,9,1790,655,Psychiatry,Tier 3,13,TER-16,0,High Potential
HCP-0414,40,11,1722317.3,156574.3,4,1306,592,Dermatology,Tier 3,7,TER-16,1,Low Value
HCP-0415,21,29,1574884.04,54306.35,7,2443,695,Endocrinology,Tier 2,8,TER-16,1,Low Value
HCP-0416,10,91,26677155.96,293155.56,15,12832,717,Rheumatology,Tier 1,30,TER-17,3,Loyal HCPs
HCP-0417,14,32,1493717.13,46678.66,7,2414,705,Endocrinology,Tier 2,24,TER-17,1,Low Value
HCP-0418,77,34,2606484.93,76661.32,9,2455,628,Neurology,Tier 2,14,TER-17,1,Low Value
HCP-0419,43,13,609553.64,46888.74,6,1077,671,Cardiology,Tier 3,13,TER-17,1,Low Value
HCP-0420,11,30,3892575.56,129752.52,10,2421,641,Dermatology,Tier 2,16,TER-17,0,High Potential
HCP-0421,1,33,6525823.49,197752.23,13,2957,722,Pulmonology,Tier 2,23,TER-17,0,High Potential
HCP-0422,0,15,3432868.47,228857.9,7,1261,681,Pulmonology,Tier 3,4,TER-17,1,Low Value
HCP-0423,47,14,7741676.88,552976.92,10,1551,663,Oncology,Tier 3,6,TER-17,4,At Risk
HCP-0424,1,40,3433856.83,85846.42,10,3369,722,Nephrology,Tier 2,26,TER-17,0,High Potential
HCP-0425,5,41,18081513.97,441012.54,15,3298,680,Oncology,Tier 2,25,TER-17,4,At Risk
HCP-0426,26,29,3125530.93,107776.93,11,2486,699,Nephrology,Tier 2,17,TER-17,0,High Potential
HCP-0427,28,31,2854944.96,92095.0,10,2737,664,Gastroenterology,Tier 2,20,TER-17,0,High Potential
HCP-0428,17,16,961840.56,60115.04,8,1549,671,Cardiology,Tier 3,5,TER-17,1,Low Value
HCP-0429,35,41,13049942.56,318291.28,13,3103,653,Oncology,Tier 2,13,TER-17,4,At Risk
HCP-0430,9,19,2143876.91,112835.63,10,1700,706,Pulmonology,Tier 3,19,TER-17,0,High Potential
HCP-0431,259,9,1807589.19,200843.24,7,871,382,Neurology,Tier 3,6,TER-17,1,Low Value
HCP-0432,10,47,4691187.45,99812.5,13,4030,714,Psychiatry,Tier 2,27,TER-17,0,High Potential
HCP-0433,8,84,14338397.01,170695.2,15,11652,719,Gastroenterology,Tier 1,37,TER-17,3,Loyal HCPs
HCP-0434,68,23,2673617.45,116244.24,8,2307,604,Psychiatry,Tier 3,16,TER-17,1,Low Value
HCP-0435,59,10,1006935.69,100693.57,6,1035,649,Nephrology,Tier 3,19,TER-18,1,Low Value
HCP-0436,6,22,4850697.51,220486.25,10,2314,697,Rheumatology,Tier 3,20,TER-18,0,High Potential
HCP-0437,3,20,2721794.87,136089.74,9,1521,711,Endocrinology,Tier 3,14,TER-18,0,High Potential
HCP-0438,3,79,10554540.82,133601.78,12,10206,718,Neurology,Tier 1,36,TER-18,3,Loyal HCPs
HCP-0439,22,49,8325874.81,169915.81,11,3807,701,Rheumatology,Tier 2,23,TER-18,0,High Potential
HCP-0440,1,90,20546755.74,228297.29,16,13844,724,Gastroenterology,Tier 1,27,TER-18,3,Loyal HCPs
HCP-0441,3,35,5655128.73,161575.11,12,2941,697,Pulmonology,Tier 2,16,TER-18,0,High Potential
HCP-0442,8,20,3587950.49,179397.52,12,1744,702,Dermatology,Tier 3,14,TER-18,0,High Potential
HCP-0443,96,17,2948382.56,173434.27,8,1846,630,Rheumatology,Tier 3,18,TER-18,1,Low Value
HCP-0444,3,42,2444195.8,58195.14,10,3075,723,Endocrinology,Tier 2,19,TER-18,0,High Potential
HCP-0445,16,21,2049022.66,97572.51,7,1910,634,Psychiatry,Tier 3,17,TER-18,1,Low Value
HCP-0446,31,17,1890791.38,111223.02,10,1691,673,Endocrinology,Tier 3,18,TER-18,1,Low Value
HCP-0447,35,13,2000962.57,153920.2,7,1068,636,Rheumatology,Tier 3,11,TER-18,1,Low Value
HCP-0448,29,19,3822843.9,201202.31,8,1700,592,Rheumatology,Tier 3,20,TER-18,1,Low Value
HCP-0449,10,18,5252405.39,291800.3,5,1991,652,Rheumatology,Tier 3,9,TER-18,1,Low Value
HCP-0450,17,17,1046261.04,61544.77,9,1312,649,Endocrinology,Tier 3,7,TER-18,1,Low Value
HCP-0451,20,11,1142263.51,103842.14,6,1113,685,Dermatology,Tier 3,6,TER-18,1,Low Value
HCP-0452,84,14,734394.2,52456.73,3,1232,643,Pulmonology,Tier 3,13,TER-18,1,Low Value
HCP-0453,37,42,8882639.64,211491.42,13,3514,665,Rheumatology,Tier 2,21,TER-18,0,High Potential
HCP-0454,35,32,2347930.44,73372.83,9,2413,651,Cardiology,Tier 2,26,TER-18,0,High Potential
HCP-0455,84,17,7126488.14,419205.18,12,1577,493,Oncology,Tier 3,5,TER-18,4,At Risk
HCP-0456,4,35,2449979.38,69999.41,12,2741,716,Nephrology,Tier 2,14,TER-18,0,High Potential
HCP-0457,82,28,2371186.87,84685.25,11,2067,645,Nephrology,Tier 2,30,TER-18,1,Low Value
HCP-0458,8,35,10936203.77,312462.96,16,3135,711,Oncology,Tier 2,25,TER-19,4,At Risk
HCP-0459,39,23,1616750.24,70293.49,8,1507,688,Endocrinology,Tier 3,15,TER-19,1,Low Value
HCP-0460,5,24,9524045.62,396835.23,12,2134,713,Oncology,Tier 3,3,TER-19,4,At Risk
HCP-0461,4,39,1759676.75,45119.92,7,3208,668,Cardiology,Tier 2,27,TER-19,0,High Potential
HCP-0462,5,66,12511273.02,189564.74,17,9258,681,Nephrology,Tier 1,26,TER-19,3,Loyal HCPs
HCP-0463,11,47,4271559.55,90884.25,13,4097,712,Pulmonology,Tier 2,19,TER-19,0,High Potential
HCP-0464,67,37,12878654.41,348071.74,14,2843,652,Oncology,Tier 2,25,TER-19,4,At Risk
HCP-0465,1,23,2858454.23,124280.62,7,2375,718,Pulmonology,Tier 3,16,TER-19,1,Low Value
HCP-0466,20,21,1402474.13,66784.48,8,1607,658,Nephrology,Tier 3,14,TER-19,1,Low Value
HCP-0467,106,9,817356.87,90817.43,4,985,512,Neurology,Tier 3,10,TER-19,1,Low Value
HCP-0468,14,58,13794779.0,237841.02,16,9158,709,Endocrinology,Tier 1,25,TER-19,3,Loyal HCPs
HCP-0469,54,9,934718.7,103857.63,6,668,658,Gastroenterology,Tier 3,9,TER-19,1,Low Value
HCP-0470,1,49,7278605.34,148542.97,13,3793,696,Dermatology,Tier 2,10,TER-19,0,High Potential
HCP-0471,15,31,5510659.51,177763.21,10,3171,696,Rheumatology,Tier 2,23,TER-19,0,High Potential
HCP-0472,13,70,46419197.58,663131.39,17,10346,703,Oncology,Tier 1,32,TER-19,2,Champions
HCP-0473,15,13,2940989.83,226229.99,5,1389,659,Dermatology,Tier 3,12,TER-19,1,Low Value
HCP-0474,11,40,6700294.8,167507.37,12,3088,695,Rheumatology,Tier 2,13,TER-19,0,High Potential
HCP-0475,15,34,2874936.58,84556.96,11,2620,692,Psychiatry,Tier 2,14,TER-19,0,High Potential
HCP-0476,30,19,3475650.9,182928.99,10,1794,633,Rheumatology,Tier 3,20,TER-19,1,Low Value
HCP-0477,113,14,8185785.92,584698.99,8,1564,565,Oncology,Tier 3,6,TER-19,4,At Risk
HCP-0478,29,19,1860632.76,97928.04,9,1374,692,Neurology,Tier 3,11,TER-19,1,Low Value
HCP-0479,6,37,7025630.91,189881.92,14,3251,706,Nephrology,Tier 2,28,TER-19,0,High Potential
HCP-0480,14,9,818377.19,90930.8,5,946,689,Nephrology,Tier 3,2,TER-20,1,Low Value
HCP-0481,49,17,1387952.81,81644.28,7,1459,659,Nephrology,Tier 3,12,TER-20,1,Low Value
HCP-0482,27,38,4044147.86,106424.94,13,3114,693,Endocrinology,Tier 2,28,TER-20,0,High Potential
HCP-0483,13,33,3032292.16,91887.64,12,2565,704,Gastroenterology,Tier 2,18,TER-20,0,High Potential
HCP-0484,41,18,2137771.39,118765.08,6,1856,683,Neurology,Tier 3,15,TER-20,1,Low Value
HCP-0485,20,49,9277210.08,189330.82,12,4492,685,Dermatology,Tier 2,13,TER-20,0,High Potential
HCP-0486,2,80,51816459.88,647705.75,19,11984,721,Oncology,Tier 1,18,TER-20,2,Champions
HCP-0487,42,52,4780164.29,91926.24,12,4128,665,Nephrology,Tier 2,28,TER-20,0,High Potential
HCP-0488,84,16,2440989.67,152561.85,10,1325,634,Psychiatry,Tier 3,19,TER-20,1,Low Value
HCP-0489,20,17,2507241.4,147484.79,9,1255,705,Pulmonology,Tier 3,13,TER-20,1,Low Value
HCP-0490,18,39,2072141.11,53131.82,9,3531,702,Cardiology,Tier 2,24,TER-20,0,High Potential
HCP-0491,38,16,1583707.2,98981.7,7,1252,652,Psychiatry,Tier 3,11,TER-20,1,Low Value
HCP-0492,97,23,2096026.95,91131.61,8,2044,628,Gastroenterology,Tier 3,14,TER-20,1,Low Value
HCP-0493,5,16,3690720.88,230670.06,8,1523,706,Rheumatology,Tier 3,11,TER-20,1,Low Value
HCP-0494,16,33,7189359.48,217859.38,14,2777,703,Dermatology,Tier 2,27,TER-20,0,High Potential
HCP-0495,22,18,2242492.59,124582.92,8,1573,652,Cardiology,Tier 3,5,TER-20,1,Low Value
HCP-0496,3,50,20917708.81,418354.18,14,4118,698,Oncology,Tier 2,23,TER-20,4,At Risk
HCP-0497,2,47,16897574.63,359522.86,15,3705,707,Oncology,Tier 2,25,TER-20,4,At Risk
HCP-0498,29,35,5879280.57,167979.44,11,3010,684,Gastroenterology,Tier 2,22,TER-20,0,High Potential
HCP-0499,32,70,13042830.08,186326.14,16,10354,663,Gastroenterology,Tier 1,27,TER-20,3,Loyal HCPs
HCP-0500,8,11,1361503.23,123773.02,6,890,596,Pulmonology,Tier 3,10,TER-20,1,Low Value
