brand_name,generic_name,manufacturer,product_type,route,pharm_class
NORISODRINE,,,POWDER,INHALATION,
DOXAPRAM HYDROCHLORIDE,,,INJECTABLE,INJECTION,
VIBISONE,CYANOCOBALAMIN,"Fresenius Kabi USA, LLC",INJECTABLE,INJECTION,Vitamin B12 [EPC]
CYANOCOBALAMIN,CYANOCOBALAMIN,"Fresenius Kabi USA, LLC",INJECTABLE,INJECTION,Vitamin B12 [EPC]
ESTROPIPATE,,,TABLET,ORAL,
CORTISONE ACETATE,,,TABLET,ORAL,
SODIUM SULFACETAMIDE,,,SOLUTION/DROPS,OPHTHALMIC,
DEXMETHYLPHENIDATE HYDROCHLORIDE,,,TABLET,ORAL,
DEXTROSE 5% AND ELECTROLYTE NO. 48 IN PLASTIC CONTAINER,"SODIUM LACTATE, POTASSIUM CHLORIDE, MAGNESIUM CHLORIDE, MONOBASIC POTASSIUM PHOSPHATE, SODIUM CHLORIDE AND DEXTROSE MONOHYDRATE",Baxter Healthcare Company,INJECTABLE,INJECTION,
PACLITAXEL,,,INJECTABLE,INJECTION,
METFORMIN HYDROCHLORIDE,,,TABLET,ORAL,
OXCARBAZEPINE,OXCARBAZEPINE,"ANI Pharmaceuticals, Inc.",TABLET,ORAL,Anti-epileptic Agent [EPC]
LEVALBUTEROL HYDROCHLORIDE,LEVALBUTEROL,Mylan Pharmaceuticals Inc.,SOLUTION,INHALATION,
ROPIVACAINE HYDROCHLORIDE,,,SOLUTION,INJECTION,
GLIPIZIDE AND METFORMIN HYDROCHLORIDE,GLIPIZIDE AND METFORMIN HYDROCHLORIDE,Zydus Pharmaceuticals USA Inc.,TABLET,ORAL,Sulfonylurea [EPC]
MEMANTINE HYDROCHLORIDE,,,TABLET,ORAL,
PERPHENAZINE,,,TABLET,ORAL,
POLYETHYLENE GLYCOL 3350; SODIUM CHLORIDE; SODIUM BICARBONATE; POTASSIUM CHLORIDE; BISACODYL,,,SOLUTION; ORAL AND TABLET; DELAYED RELEASE,,
ALENDRONATE SODIUM,ALENDRONATE SODIUM,Hikma Pharmaceuticals USA Inc.,SOLUTION,ORAL,
TESTOSTERONE ENANTHATE,,,INJECTABLE,INJECTION,
DIMENHYDRINATE,,,TABLET,ORAL,
CHLORDIAZEPOXIDE HYDROCHLORIDE,,,CAPSULE,ORAL,
METHYLTESTOSTERONE,,,TABLET,"BUCCAL, SUBLINGUAL",
X-TROZINE,,,TABLET,ORAL,
PHENTERMINE HYDROCHLORIDE,,,CAPSULE,ORAL,
HYDRALAZINE HYDROCHLORIDE AND HYDROCHLOROTHIAZIDE,,,CAPSULE,ORAL,
DISULFIRAM,,,TABLET,ORAL,
ELIXOMIN,,,ELIXIR,ORAL,
APRESOLINE,,,TABLET,ORAL,
ZOVIRAX,ACYCLOVIR,"ACTAVIS PHARMA, INC.",OINTMENT,TOPICAL,Herpes Simplex Virus Nucleoside Analog DNA Polymerase Inhibitor [EPC]
FLAGYL I.V. RTU IN PLASTIC CONTAINER,METRONIDAZOLE,Baxter Healthcare Corporation,INJECTABLE,INJECTION,Nitroimidazole Antimicrobial [EPC]
CHOLESTYRAMINE,CHOLESTYRAMINE,Zydus Pharmaceuticals (USA) Inc.,POWDER,ORAL,Bile Acid Sequestrant [EPC]
PALIPERIDONE,,,"TABLET, EXTENDED RELEASE",ORAL,
NOREPINEPHRINE BITARTRATE,NOREPINEPHRINE BITARTRATE,Hikma Pharmaceuticals USA Inc.,INJECTABLE,INJECTION,
FENOFIBRATE,FENOFIBRATE,"Lupin Pharmaceuticals, Inc.",TABLET,ORAL,Peroxisome Proliferator Receptor alpha Agonist [EPC]
DONEPEZIL HYDROCHLORIDE,,,"TABLET, ORALLY DISINTEGRATING",ORAL,
DIPHENHYDRAMINE HYDROCHLORIDE PRESERVATIVE FREE,DIPHENHYDRAMINE HYDROCHLORIDE,"Fresenius Kabi USA, LLC",INJECTABLE,INJECTION,
PORTRAZZA,,,INJECTABLE,"INTRA-ARTICULAR, INTRAMUSCULAR, INTRAVITREAL",
CLINDAMYCIN PHOSPHATE IN 5% DEXTROSE IN PLASTIC CONTAINER,CLINDAMYCIN IN 5 PERCENT DEXTROSE,Sandoz Inc,INJECTABLE,INJECTION,Lincosamide Antibacterial [EPC]
PRAMIPEXOLE DIHYDROCHLORIDE,,,"TABLET, EXTENDED RELEASE",ORAL,
LISINOPRIL,,,TABLET,ORAL,
CUPRIMINE,PENICILLAMINE,"Bausch Health US, LLC",CAPSULE,ORAL,Antirheumatic Agent [EPC]
LOCOID,,,SOLUTION,TOPICAL,
PROMETRIUM,PROGESTERONE,"Acertis Pharmaceuticals, LLC",CAPSULE,ORAL,Progesterone [EPC]
DESVENLAFAXINE SUCCINATE,DESVENLAFAXINE,Advagen Pharma Ltd,"TABLET, EXTENDED RELEASE",ORAL,
TAYTULLA,"NORETHINDRONE ACETATE AND ETHINYL ESTRADIOL, AND FERROUS FUMARATE","Allergan, Inc.",CAPSULE,ORAL,
VARDENAFIL HYDROCHLORIDE,,,"TABLET, ORALLY DISINTEGRATING",ORAL,
ALMOTRIPTAN MALATE,ALMOTRIPTAN,Mylan Pharmaceuticals Inc.,TABLET,ORAL,
ESOMEPRAZOLE MAGNESIUM,ESOMEPRAZOLE MAGNESIUM,Aurobindo Pharma Limited,"CAPSULE, DELAYED REL PELLETS",ORAL,
SAXAGLIPTIN,SAXAGLIPTIN,Mylan Pharmaceuticals Inc.,TABLET,ORAL,
ACZONE,DAPSONE,"Almirall, LLC",GEL,TOPICAL,Sulfone [EPC]
TRIAMCINOLONE ACETONIDE,TRIAMCINOLONE ACETONIDE,"Glenmark Pharmaceuticals Inc., USA",OINTMENT,TOPICAL,Corticosteroid [EPC]
DEXAMETHASONE SODIUM PHOSPHATE,DEXAMETHASONE SODIUM PHOSPHATE,Eugia US LLC,INJECTABLE,INJECTION,
HYDROCORTISONE VALERATE,HYDROCORTISONE VALERATE,"Glenmark Pharmaceuticals Inc., USA",OINTMENT,TOPICAL,
FINTEPLA,FENFLURAMINE,"UCB, Inc.",SOLUTION,ORAL,
NALOXONE HYDROCHLORIDE,NALOXONE HYDROCHLORIDE,Eugia US LLC,INJECTABLE,INJECTION,
LANSOPRAZOLE,LANSOPRAZOLE,Macleods Pharmaceuticals Limited,"CAPSULE, DELAYED REL PELLETS",ORAL,Proton Pump Inhibitor [EPC]
INGENOL MEBUTATE,,,GEL,TOPICAL,
PLENVU,"POLYETHYLENE GLYCOL 3350, SODIUM SULFATE, SODIUM CHLORIDE, POTASSIUM CHLORIDE, ASCORBIC ACID, SODIUM ASCORBATE","Salix Pharmaceuticals, Inc",FOR SOLUTION,ORAL,
SOLIFENACIN SUCCINATE,,,TABLET,ORAL,
AMBRISENTAN,AMBRISENTAN,Zydus Lifesciences Limited,TABLET,ORAL,Endothelin Receptor Antagonist [EPC]
"ABACAVIR, DOLUTEGRAVIR, LAMIVUDINE",,,TABLET,,
CYCLOPHOSPHAMIDE,CYCLOPHOSPHAMIDE,Eugia US LLC,SOLUTION,INTRAVENOUS,
PHENYLEPHRINE HYDROCHLORIDE,PHENYLEPHRINE HYDROCHLORIDE,Amneal Pharmaceuticals LLC,SOLUTION,INTRAVENOUS,
CHLORDIAZEPOXIDE HYDROCHLORIDE AND CLIDINIUM BROMIDE,CHLORDIAZEPOXIDE HYDROCHLORIDE AND CLIDINIUM BROMIDE,"Sunrise Pharmaceutical, Inc.",CAPSULE,ORAL,
NYSTATIN,NYSTATIN,Macleods Pharmaceuticals Limited,CREAM,TOPICAL,Polyene Antifungal [EPC]
AMINOCAPROIC ACID,,,SOLUTION,ORAL,
VASOPRESSIN,VASOPRESSIN,"Fresenius Kabi USA, LLC",SOLUTION,INTRAVENOUS,
SPORANOX,,,CAPSULE,ORAL,
SITAGLIPTIN AND METFORMIN HYDROCHLORIDE,,,TABLET,,
DOXYCYCLINE HYCLATE,DOXYCYCLINE,"Lupin Pharmaceuticals, Inc.",INJECTABLE,INJECTION,
"DEXTROAMP SACCHARATE, AMP ASPARTATE, DEXTROAMP SULFATE AND AMP SULFATE","DEXTROAMPHETAMINE SULFATE, DEXTROAMPHETAMINE SACCHARATE, AMPHETAMINE SULFATE AND AMPHETAMINE ASPARTATE","Golden State Medical Supply, Inc.","CAPSULE, EXTENDED RELEASE",ORAL,
THEOPHYLLINE,THEOPHYLLINE,Harman Finochem Limited,"TABLET, EXTENDED RELEASE",ORAL,Methylxanthine [EPC]
FULVESTRANT,FULVESTRANT,Zydus Lifesciences Limited,SOLUTION,INTRAMUSCULAR,Estrogen Receptor Antagonist [EPC]
CHLORPROMAZINE HYDROCHLORIDE,,,TABLET,ORAL,
ALLEGRA,,,CAPSULE,ORAL,
AMIODARONE HYDROCHLORIDE,AMIODARONE HYDROCHLORIDE,Slate Run Pharmaceuticals,INJECTABLE,INJECTION,
ERIBULIN MESYLATE,ERIBULIN MESYLATE,Sun Pharmaceutical Industries Limited,SOLUTION,INTRAVENOUS,
HYDROXYZINE HYDROCHLORIDE,HYDROXYZINE HYDROCHLORIDE ORAL,Bionpharma Inc.,SYRUP,ORAL,
YEZTUGO,LENACAPAVIR SODIUM,"Gilead Sciences, Inc.",SOLUTION,SUBCUTANEOUS,
TEPEZZA,TEPROTUMUMAB,"Horizon Therapeutics USA, Inc.",INJECTABLE,INJECTION,Insulin-like Growth Factor-1 Receptor Inhibitor [EPC]
EXELON,,,SOLUTION,ORAL,
RECTIV,NITROGLYCERIN,"Allergan, Inc.",OINTMENT,INTRA-ANAL,Nitrate Vasodilator [EPC]
ABILIFY,,,SOLUTION,ORAL,
SPRYCEL,,,TABLET,ORAL,
REVATIO,SILDENAFIL CITRATE,Viatris Specialty LLC,SOLUTION,INTRAVENOUS,
FOLIC ACID,,,TABLET,ORAL,
HYDROCODONE BITARTRATE AND ACETAMINOPHEN,HYDROCODONE BITARTRATE AND ACETAMINOPHEN,"Sun Pharmaceutical Industries, Inc.",TABLET,ORAL,
PRECEF,,,INJECTABLE,INJECTION,
TETRACYCLINE HYDROCHLORIDE,,,CAPSULE,ORAL,
PENICILLIN G SODIUM,,,INJECTABLE,INJECTION,
AMPICILLIN AND SULBACTAM,,,INJECTABLE,INJECTION,
CEPHALEXIN,,,FOR SUSPENSION,ORAL,
RIFAMPIN,RIFAMPIN,"EPIC PHARMA, LLC",CAPSULE,ORAL,Rifamycin Antibacterial [EPC]
MYCOPHENOLATE MOFETIL,,,TABLET,ORAL,
PROPRANOLOL HYDROCHLORIDE AND HYDROCHLOROTHIAZIDE,,,TABLET,ORAL,
NITROGLYCERIN,,,INJECTABLE,INJECTION,
DIAZEPAM,,,TABLET,ORAL,
TOLAZAMIDE,,,TABLET,ORAL,
CLOMID,,,TABLET,ORAL,
SODIUM CHLORIDE 0.9% IN PLASTIC CONTAINER,SODIUM CHLORIDE,ICU Medical Inc.,INJECTABLE,INJECTION,
HIPPURAN I 131,,,INJECTABLE,INJECTION,
IBUPROFEN,,,TABLET,ORAL,
NAPROXEN,,,TABLET,ORAL,
DIPYRIDAMOLE,DIPYRIDAMOLE,Hikma Pharmaceuticals USA Inc.,INJECTABLE,INJECTION,Platelet Aggregation Inhibitor [EPC]
PROPOXYPHENE NAPSYLATE AND ACETAMINOPHEN,,,TABLET,ORAL,
ISOSORBIDE MONONITRATE,,,"TABLET, EXTENDED RELEASE",ORAL,
BUSPIRONE HYDROCHLORIDE,,,TABLET,ORAL,
QUINAPRIL HYDROCHLORIDE,,,TABLET,ORAL,
OMEPRAZOLE,OMEPRAZOLE,Sandoz Inc,"CAPSULE, DELAYED REL PELLETS",ORAL,Proton Pump Inhibitor [EPC]
SIMVASTATIN,,,TABLET,ORAL,
DIFLORASONE DIACETATE,,,CREAM,TOPICAL,
THIAMINE HYDROCHLORIDE,,,INJECTABLE,INJECTION,
DIPHENHYDRAMINE HYDROCHLORIDE,,,INJECTABLE,INJECTION,
PROPARACAINE HYDROCHLORIDE,,,SOLUTION/DROPS,OPHTHALMIC,
VALPROIC ACID,,,SYRUP,ORAL,
LAMIVUDINE AND ZIDOVUDINE,,,TABLET,ORAL,
METHYLPHENIDATE HYDROCHLORIDE,,,"CAPSULE, EXTENDED RELEASE",ORAL,
IMODIUM,,,CAPSULE,ORAL,
CLODERM,,,CREAM,TOPICAL,
INDOCIN,,,SUPPOSITORY,RECTAL,
ANASTROZOLE,ANASTROZOLE,Natco Pharma Limited,TABLET,ORAL,Aromatase Inhibitor [EPC]
HYDROCORTISONE,,,CREAM,TOPICAL,
GLYCOPYRROLATE,GLYCOPYRROLATE,"Leading Pharma, LLC",TABLET,ORAL,
AMITRIPTYLINE HYDROCHLORIDE,,,INJECTABLE,INJECTION,
HYDROCORTISONE ACETATE,,,POWDER,FOR RX COMPOUNDING,
DIPHEN,,,ELIXIR,ORAL,
MEPERIDINE AND ATROPINE SULFATE,,,INJECTABLE,INJECTION,
HYDROGENATED ERGOT ALKALOIDS,,,TABLET,SUBLINGUAL,
PYRIDOXINE HYDROCHLORIDE,,,INJECTABLE,INJECTION,
AMINOPHYLLINE,,,TABLET,ORAL,
TRIPHED,,,TABLET,ORAL,
RESERPINE AND HYDROFLUMETHIAZIDE,,,TABLET,ORAL,
CHORIONIC GONADOTROPIN,,,Injectable,Injection,
PREZISTA,DARUNAVIR,Janssen Products LP,SUSPENSION,ORAL,
NEBIVOLOL HYDROCHLORIDE,NEBIVOLOL,"ANI Pharmaceuticals, Inc.",TABLET,ORAL,
STERILE WATER FOR INJECTION,WATER,"Hospira, Inc.",LIQUID,N/A,
BACLOFEN,,,INJECTABLE,INTRATHECAL,
PROTOSTAT,,,TABLET,ORAL,
OPDIVO,,,INJECTABLE,INJECTION,
IBUPROFEN AND DIPHENHYDRAMINE HYDROCHLORIDE,"IBUPROFEN, DIPHENHYDRAMINE HCL",TOP CARE (Topco Associates LLC),CAPSULE,ORAL,Nonsteroidal Anti-inflammatory Drug [EPC]
TOBI PODHALER,TOBRAMYCIN,Viatris Specialty LLC,POWDER,INHALATION,Aminoglycoside Antibacterial [EPC]
WARFARIN SODIUM,WARFARIN,Amneal Pharmaceuticals LLC,TABLET,ORAL,
DALFAMPRIDINE,DALFAMPRIDINE,"Sun Pharmaceutical Industries, Inc.","TABLET, EXTENDED RELEASE",ORAL,Potassium Channel Blocker [EPC]
CABAZITAXEL,,,INJECTABLE,INJECTION,
METHOCARBAMOL,METHOCARBAMOL,"Somerset Therapeutics, LLC",SOLUTION,IM-IV,Muscle Relaxant [EPC]
FOSAMPRENAVIR CALCIUM,FOSAMPRENAVIR CALCIUM,"Sun Pharmaceutical Industries, Inc.",TABLET,ORAL,
ELEPSIA XR,LEVETIRACETAM,"TRIPOINT THERAPEUTICS, LLC","TABLET, EXTENDED RELEASE",ORAL,
DOTAREM,GADOTERATE MEGLUMINE,Guerbet LLC,SOLUTION,INTRAVENOUS,
LINEZOLID,,,SOLUTION,INTRAVENOUS,
BUPRENORPHINE HYDROCHLORIDE AND NALOXONE HYDROCHLORIDE,BUPRENORPHINE AND NALOXONE,Rhodes Pharmaceuticals LLC,TABLET,SUBLINGUAL,
NAFTIFINE HYDROCHLORIDE,NAFTIFINE HYDROCHLORIDE,"Sun Pharmaceutical Industries, Inc.",CREAM,TOPICAL,
OXACILLIN SODIUM,OXACILLIN,Wockhardt USA LLC.,INJECTABLE,INJECTION,
CLOPIDOGREL BISULFATE,,,TABLET,ORAL,
CARBOPLATIN,CARBOPLATIN,"Accord Healthcare, Inc.",INJECTABLE,INTRAVENOUS,Platinum-based Drug [EPC]
METHADONE HYDROCHLORIDE,,,CONCENTRATE,ORAL,
MORPHINE SULFATE,MORPHINE SULFATE,"Ascend Laboratories, LLC",TABLET,ORAL,
CLOBETASOL PROPIONATE,,,LOTION,TOPICAL,
POLYETHYLENE GLYCOL 3350,POLYETHYLENE GLYCOL 3350,"Whole Foods Market, Inc.",FOR SOLUTION,ORAL,Osmotic Laxative [EPC]
ZINC SULFATE,ZINC SULFATE,"American Regent, Inc.",SOLUTION,INTRAVENOUS,
RINGER'S IN PLASTIC CONTAINER,"SODIUM CHLORIDE, CALCIUM CHLORIDE, AND POTASSIUM CHLORIDE",B. Braun Medical Inc.,INJECTABLE,INJECTION,
MYSOLINE,PRIMIDONE,"Bausch Health US, LLC",TABLET,ORAL,Anti-epileptic Agent [EPC]
FLOXIN,,,INJECTABLE,INJECTION,
FLOXIN IN DEXTROSE 5% IN PLASTIC CONTAINER,,,INJECTABLE,INJECTION,
FLOXIN IN DEXTROSE 5%,,,INJECTABLE,INJECTION,
OLINVYK,OLICERIDINE,"Trevena, Inc.",SOLUTION,INTRAVENOUS,
TRIENTINE HYDROCHLORIDE,TRIENTINE HYDROCHLORIDE,Dr.Reddys Laboratories Inc,CAPSULE,ORAL,
LEVOTHYROXINE SODIUM,LEVOTHYROXINE SODIUM,NorthStar RxLLC,TABLET,ORAL,
ATROPINE SULFATE,ATROPINE SULFATE,Hikma Pharmaceuticals USA Inc.,SOLUTION,"INTRAVENOUS, INTRAMUSCULAR, SUBCUTANEOUS, INTRAOSSEOUS, ENDOTRACHEAL",
CAFFEINE CITRATE,CAFFEINE CITRATE,Micro Labs Limited,SOLUTION,ORAL,
CASPOFUNGIN ACETATE,CASPOFUNGIN ACETATE,"Hangzhou Zhongmei Huadong Pharmaceutical Co., Ltd.",POWDER,INTRAVENOUS,
CLINDAMYCIN PHOSPHATE AND TRETINOIN,CLINDAMYCIN PHOSPHATE AND TRETINOIN GEL 1.2%/0.025%,"Encube Ethicals, Inc.",GEL,TOPICAL,Retinoid [EPC]
VENLAFAXINE HYDROCHLORIDE,VENLAFAXINE HYDROCHLORIDE,Granules Pharmaceuticals Inc.,"CAPSULE, EXTENDED RELEASE",ORAL,
BUPIVACAINE HYDROCHLORIDE,BUPIVACAINE HYDROCHLORIDE,"Somerset Therapeutics, LLC",INJECTABLE,INJECTION,
POTASSIUM CITRATE,,,"TABLET, EXTENDED RELEASE",ORAL,
LENALIDOMIDE,,,CAPSULE,ORAL,
LIOTHYRONINE SODIUM,LIOTHYRONINE SODIUM,Zydus Lifesciences Limited,TABLET,ORAL,
BRIMONIDINE TARTRATE AND TIMOLOL MALEATE,BRIMONIDINE TARTRATE AND TIMOLOL MALEATE,Alembic Pharmaceuticals Limited,SOLUTION/DROPS,OPHTHALMIC,
SITAGLIPTIN,,,TABLET,FILM COATED,
BRIVARACETAM,BRIVARACETAM INJECTION,"PAI Holdings, LLC dba PAI Pharma",SOLUTION,INTRAVENOUS,
CETRORELIX ACETATE,,,POWDER,SUBCUTANEOUS,
RESERPINE,,,TABLET,ORAL,
LOTRIMIN AF,,,Cream,Topical,
ENHERTU,FAM-TRASTUZUMAB DERUXTECAN-NXKI,Daiichi Sankyo Inc.,INJECTABLE,INJECTION,
RESTASIS,,,EMULSION,OPHTHALMIC,
MULTIHANCE MULTIPACK,GADOBENATE DIMEGLUMINE,BRACCO DIAGNOSTICS INC,INJECTABLE,INTRAVENOUS,
ABLAVAR,,,SOLUTION,INTRAVENOUS,
TRILAFON,,,TABLET,ORAL,
FOLOTYN,PRALATREXATE,Acrotech Biopharma Inc,SOLUTION,INTRAVENOUS,Folate Analog Metabolic Inhibitor [EPC]
KAYEXALATE,,,POWDER,"ORAL, RECTAL",
"BUTALBITAL, ACETAMINOPHEN AND CAFFEINE","BUTALBITAL, ACETAMINOPHEN, AND CAFFEINE",Strides Pharma Science Limited,TABLET,ORAL,Barbiturate [EPC]
CARISOPRODOL,CARISOPRODOL,"Ingenus Pharmaceuticals, LLC",TABLET,ORAL,Muscle Relaxant [EPC]
MEZLIN,,,INJECTABLE,INJECTION,
E-MYCIN,,,"TABLET, DELAYED RELEASE",ORAL,
KANTREX,,,CAPSULE,ORAL,
NEOMYCIN AND POLYMYXIN B SULFATES AND HYDROCORTISONE,"NEOMYCIN SULFATE, POLYMYXIN B SULFATE AND HYDROCORTISONE",Sandoz Inc.,SUSPENSION/DROPS,OTIC,Corticosteroid [EPC]
CEFOXITIN,CEFOXITIN,Hikma Pharmaceuticals USA Inc.,INJECTABLE,INJECTION,
CEFACLOR,,,CAPSULE,ORAL,
CEFOTAXIME SODIUM,,,INJECTABLE,INJECTION,
DOXEPIN HYDROCHLORIDE,,,CAPSULE,ORAL,
PANCURONIUM BROMIDE,,,INJECTABLE,INJECTION,
METAPROTERENOL SULFATE,,,TABLET,ORAL,
ALPRAZOLAM,,,TABLET,ORAL,
CAPTOPRIL,,,TABLET,ORAL,
TESULOID,,,SOLUTION,"INJECTION, ORAL",
ANCOBON,FLUCYTOSINE,Bausch Health US LLC,CAPSULE,ORAL,Nucleoside Analog Antifungal [EPC]
TIZANIDINE HYDROCHLORIDE,TIZANIDINE,Apotex Corp.,TABLET,ORAL,
NALTREXONE HYDROCHLORIDE,NALTREXONE HYDROCHLORIDE,SpecGx LLC,TABLET,ORAL,
SERTRALINE HYDROCHLORIDE,,,TABLET,ORAL,
SULFAMETHOXAZOLE AND TRIMETHOPRIM,SULFAMETHOXAZOLE AND TRIMETHOPRIM,"Vista Pharmaceuticals, Inc.",TABLET,ORAL,Sulfonamide Antimicrobial [EPC]
NORINYL 1+35 21-DAY,,,TABLET,ORAL-21,
NORINYL 1+35 28-DAY,,,TABLET,ORAL-28,
CILOSTAZOL,,,TABLET,ORAL,
ACETIC ACID 0.25% IN PLASTIC CONTAINER,,,SOLUTION,"IRRIGATION, URETHRAL",
CALCIPOTRIENE,,,SOLUTION,TOPICAL,
CIPROFLOXACIN HYDROCHLORIDE,,,SOLUTION/DROPS,OPHTHALMIC,
PAROXETINE HYDROCHLORIDE,PAROXETINE HYDROCHLORIDE HEMIHYDRATE,Mylan Pharmaceuticals Inc.,TABLET,ORAL,
LORYNA,DROSPIRENONE AND ETHINYL ESTRADIOL TABLETS,"Xiromed, LLC.",TABLET,ORAL,
LETROZOLE,,,TABLET,ORAL,
ALUPENT,,,SOLUTION,INHALATION,
METHYLPREDNISOLONE ACETATE,,,INJECTABLE,INJECTION,
HYDRO-RX,,,POWDER,FOR RX COMPOUNDING,
TRIAMCINOLONE DIACETATE,,,INJECTABLE,INJECTION,
BUTABARBITAL SODIUM,,,TABLET,ORAL,
SULFINPYRAZONE,,,TABLET,ORAL,
ACITRETIN,ACITRETIN,"Teva Pharmaceuticals USA, Inc.",CAPSULE,ORAL,Retinoid [EPC]
LAMIVUDINE,LAMIVUDINE,"Camber Pharmaceuticals, Inc.",TABLET,ORAL,Hepatitis B Virus Nucleoside Analog Reverse Transcriptase Inhibitor [EPC]
AZELASTINE HYDROCHLORIDE,,,SOLUTION/DROPS,OPHTHALMIC,
EPTIFIBATIDE,,,INJECTABLE,INJECTION,
DEXTROSE 5% AND ELECTROLYTE NO. 75 IN PLASTIC CONTAINER,,,INJECTABLE,INJECTION,
QUINAPRIL HYDROCHLORIDE AND HYDROCHLOROTHIAZIDE,,,TABLET,ORAL,
INFLECTRA,INFLIXIMAB-DYYB,Pfizer Laboratories Div Pfizer Inc,INJECTABLE,INJECTION,Tumor Necrosis Factor Blocker [EPC]
MONTELUKAST SODIUM,MONTELUKAST,Sandoz Inc,TABLET,ORAL,
IFOSFAMIDE,,,INJECTABLE,INJECTION,
TOPOTECAN HYDROCHLORIDE,,,INJECTABLE,INJECTION,
BEVESPI AEROSPHERE,GLYCOPYRROLATE AND FORMOTEROL FUMARATE,AstraZeneca Pharmaceuticals LP,"AEROSOL, METERED",INHALATION,
PIROXICAM,,,CAPSULE,ORAL,
DORZOLAMIDE HYDROCHLORIDE AND TIMOLOL MALEATE,DORZOLAMIDE HYDROCHLORIDE AND TIMOLOL MALEATE,"Somerset Therapeutics, LLC",SOLUTION/DROPS,OPHTHALMIC,
FOSAPREPITANT DIMEGLUMINE,,,POWDER,INTRAVENOUS,
"FAMOTIDINE, CALCIUM CARBONATE, AND MAGNESIUM HYDROXIDE",,,"TABLET, CHEWABLE",ORAL,
BORTEZOMIB,,,INJECTABLE,"INTRAVENOUS, SUBCUTANEOUS",
AMIKACIN SULFATE,AMIKACIN SULFATE,"Fresenius Kabi USA, LLC",INJECTABLE,INJECTION,
TOPIRAMATE,TOPIRAMATE,"Endo USA, Inc.","CAPSULE, EXTENDED RELEASE",ORAL,
OLMESARTAN MEDOXOMIL AND HYDROCHLOROTHIAZIDE,,,TABLET,ORAL,
GEMCITABINE HYDROCHLORIDE,,,INJECTABLE,INJECTION,
OXYCODONE HYDROCHLORIDE,,,SOLUTION,ORAL,
GVOKE KIT,"GLUCAGON INJECTION, SOLUTION","Xeris Pharmaceuticals, Inc.",SOLUTION,SUBCUTANEOUS,Antihypoglycemic Agent [EPC]
GVOKE HYPOPEN,"GLUCAGON INJECTION, SOLUTION","Xeris Pharmaceuticals, Inc.",SOLUTION,SUBCUTANEOUS,Antihypoglycemic Agent [EPC]
GVOKE PFS,"GLUCAGON INJECTION, SOLUTION","Xeris Pharmaceuticals, Inc.",SOLUTION,SUBCUTANEOUS,Antihypoglycemic Agent [EPC]
GVOKE VIALDX,"GLUCAGON INJECTION, SOLUTION","Xeris Pharmaceuticals, Inc.",SOLUTION,INTRAVENOUS,Antihypoglycemic Agent [EPC]
URSODIOL,,,CAPSULE,ORAL,
COLESEVELAM HYDROCHLORIDE,COLESEVELAM HYDROCHLORIDE,Bionpharma Inc.,TABLET,ORAL,
GANITE,,,INJECTABLE,INJECTION,
ATAZANAVIR SULFATE,,,CAPSULE,ORAL,
PENTASA,MESALAMINE,"Takeda Pharmaceuticals America, Inc.","CAPSULE, EXTENDED RELEASE",ORAL,Aminosalicylate [EPC]
LURASIDONE HYDROCHLORIDE,,,TABLET,ORAL,
LEVOMILNACIPRAN HYDROCHLORIDE,,,"CAPSULE, EXTENDED RELEASE",ORAL,
BREXPIPRAZOLE,,,TABLET,ORAL,
GUAIFENESIN AND PSEUDOEPHEDRINE HYDROCHLORIDE,GUAIFENESIN AND PSEUDOEPHEDRINE HCL,Amerisource Bergen,"TABLET, EXTENDED RELEASE",ORAL,Expectorant [EPC]
METOPROLOL SUCCINATE,METOPROLOL SUCCINATE,Granules India Ltd,"TABLET, EXTENDED RELEASE",ORAL,
LISDEXAMFETAMINE DIMESYLATE,LISDEXAMFETAMINE DIMESYLATE,Apotex Corp.,CAPSULE,ORAL,
ACYCLOVIR,ACYCLOVIR,Novadoz Pharmaceuticals LLC,SUSPENSION,ORAL,Herpes Simplex Virus Nucleoside Analog DNA Polymerase Inhibitor [EPC]
FOSCARNET SODIUM,FOSCARNET SODIUM,Hikma Pharmaceuticals USA Inc.,SOLUTION,INTRAVENOUS,
CLINDAMYCIN PHOSPHATE IN DEXTROSE 5%,CLINDAMYCIN IN PERCENT DEXTROSE,Hikma Pharmaceuticals USA Inc.,INJECTABLE,INJECTION,Lincosamide Antibacterial [EPC]
HEPARIN SODIUM,HEPARIN SODIUM,BE Pharmaceuticals Inc.,INJECTABLE,INJECTION,
FEXOFENADINE HYDROCHLORIDE AND PSEUDOEPHEDRINE HYDROCHLORIDE,FEXOFENADINE HYDROCHLORIDE AND PSEUDOEPHEDRINE HYDROCHLORIDE,Aurohealth LLC,"TABLET, EXTENDED RELEASE",ORAL,
LINCOMYCIN HYDROCHLORIDE,LINCOMYCIN HYDROCHLORIDE,Sagent Pharmaceuticals,INJECTABLE,INJECTION,
DIOVAN HCT,VALSARTAN AND HYDROCHLOROTHIAZIDE,Novartis Pharmaceuticals Corporation,TABLET,ORAL,Angiotensin 2 Receptor Blocker [EPC]
PROSOL 20% SULFITE FREE IN PLASTIC CONTAINER,"VALINE, LYSINE, HISTIDINE, ISOLEUCINE, LEUCINE, PHENYLALANINE, THREONINE, METHIONINE, TRYPTOPHAN, ALANINE, GLYCINE, ARGININE, PROLINE, GLUTAMIC ACID, SERINE, ASPARTIC ACID AND TYROSINE",Baxter Healthcare Corporation,INJECTABLE,INJECTION,Amino Acid [EPC]
COLESTIPOL HYDROCHLORIDE,,,TABLET,ORAL,
RIABNI,RITUXIMAB-ARRX,"Amgen, Inc",INJECTABLE,INJECTION,CD20-directed Cytolytic Antibody [EPC]
MESTINON,,,INJECTABLE,INJECTION,
ESTINYL,,,TABLET,ORAL,
ISUPREL,,,INJECTABLE,INJECTION,
ATRALIN,TRETINOIN,Obagi Cosmeceuticals LLC,GEL,TOPICAL,Retinoid [EPC]
NEXCEDE,,,FILM,ORAL,
PYRIDOSTIGMINE BROMIDE,PYRIDOSTIGMINE BROMIDE,"ANI Pharmaceuticals, Inc.",TABLET,ORAL,
MOXAM,,,INJECTABLE,INJECTION,
TETRACYN,,,INJECTABLE,INJECTION,
AMOXICILLIN,AMOXICILLIN,"Teva Pharmaceuticals USA, Inc.",CAPSULE,ORAL,
BARSTATIN 100,,,POWDER,ORAL,
AMIKACIN SULFATE IN SODIUM CHLORIDE 0.9% IN PLASTIC CONTAINER,,,INJECTABLE,INJECTION,
FLUOCINONIDE,,,SOLUTION,TOPICAL,
BENYLIN,,,SYRUP,ORAL,
TRICLOS,,,SOLUTION,ORAL,
ETODOLAC,,,TABLET,ORAL,
VECURONIUM BROMIDE,,,INJECTABLE,INJECTION,
FLUOXETINE HYDROCHLORIDE,FLUOXETINE HYDROCHLORIDE,"TIME CAP LABORATORIES, INC.",CAPSULE,ORAL,
FENOFIBRATE (MICRONIZED),FENOFIBRATE,Rhodes Pharmaceuticals LLC,CAPSULE,ORAL,Peroxisome Proliferator Receptor alpha Agonist [EPC]
OLANZAPINE,OLANZAPINE,Dr.Reddy's Laboratories Limited,"TABLET, ORALLY DISINTEGRATING",ORAL,Atypical Antipsychotic [EPC]
LISINOPRIL AND HYDROCHLOROTHIAZIDE,,,TABLET,ORAL,
PROCAINE HYDROCHLORIDE,,,INJECTABLE,INJECTION,
DIABETA,GLYBURIDE,TEVA Pharmaceuticals USA Inc,TABLET,ORAL,Sulfonylurea [EPC]
ESCITALOPRAM OXALATE,,,TABLET,ORAL,
DEXTROSE 5% AND LACTATED RINGER'S IN PLASTIC CONTAINER,"SODIUM CHLORIDE, SODIUM LACTATE, POTASSIUM CHLORIDE, CALCIUM CHLORIDE, AND DEXTROSE MONOHYDRATE",ICU Medical Inc.,INJECTABLE,INJECTION,
VERAPAMIL HYDROCHLORIDE,,,"CAPSULE, EXTENDED RELEASE",ORAL,
GEMFIBROZIL,,,TABLET,ORAL,
LEVETIRACETAM,LEVETIRACETAM,Dr. Reddy's Laboratories Limited,TABLET,ORAL,
ONDANSETRON HYDROCHLORIDE,ONDANSETRON,Heritage Pharmaceuticals Inc. d/b/a Avet Pharmaceuticals Inc.,INJECTABLE,INJECTION,
BRANCHAMIN 4% IN PLASTIC CONTAINER,,,INJECTABLE,INJECTION,
DEPAKOTE,DIVALPROEX SODIUM,AbbVie Inc.,"TABLET, DELAYED RELEASE",ORAL,
ABACAVIR SULFATE; LAMIVUDINE,,,TABLET,ORAL,
THEOBID,,,"CAPSULE, EXTENDED RELEASE",ORAL,
SULFAMETHOXAZOLE,,,TABLET,ORAL,
LIDOCAINE HYDROCHLORIDE IN PLASTIC CONTAINER,LIDOCAINE HYDROCHLORIDE,"Hospira, Inc.",INJECTABLE,INJECTION,
BUMETANIDE,BUMETANIDE,Zydus Pharmaceuticals (USA) Inc.,TABLET,ORAL,Loop Diuretic [EPC]
DOXYCYCLINE,,,CAPSULE,ORAL,
CEFAZOLIN SODIUM,CEFAZOLIN,"Qilu Pharmaceutical Co., Ltd.",INJECTABLE,INJECTION,
TACROLIMUS,TACROLIMUS,Accord Healthcare Inc.,CAPSULE,ORAL,
BENZTROPINE MESYLATE,BENZTROPINE MESYLATE,Navinta LLC,INJECTABLE,INJECTION,
RETACRIT,EPOETIN ALFA-EPBX,Vifor (International) Inc.,INJECTABLE,INJECTION,
ISOPTO CARPINE,PILOCARPINE HYDROCHLORIDE,Sandoz Inc,SOLUTION/DROPS,OPHTHALMIC,
HYDROXYCHLOROQUINE SULFATE,HYDROXYCHLOROQUINE SULFATE,"Sun Pharmaceutical Industries, Inc.",TABLET,ORAL,
DUTASTERIDE,,,CAPSULE,ORAL,
AMLODIPINE BESYLATE,,,TABLET,ORAL,
ALVIMOPAN,ALVIMOPAN,"Actavis Pharma, Inc.",CAPSULE,ORAL,
FINGOLIMOD HYDROCHLORIDE,FINGOLIMOD HCL,"Rising Pharma Holdings, Inc.",CAPSULE,ORAL,
TROPICAMIDE,TROPICAMIDE,"Somerset Therapeutics, LLC",SOLUTION/DROPS,OPHTHALMIC,Anticholinergic [EPC]
POMALYST,POMALIDOMIDE,Celgene Corporation,CAPSULE,ORAL,Thalidomide Analog [EPC]
TRAMADOL HYDROCHLORIDE,,,"TABLET, EXTENDED RELEASE",ORAL,
TREZIX,,,CAPSULE,ORAL,
VALGANCICLOVIR HYDROCHLORIDE,VALGANCICLOVIR,"Camber Pharmaceuticals, Inc.",TABLET,ORAL,
PITAVASTATIN CALCIUM,PITAVASTATIN CALCIUM,NorthStar RxLLC,TABLET,ORAL,
TRAMADOL HYDROCHLORIDE AND ACETAMINOPHEN,TRAMADOL HYDROCHLORIDE AND ACETAMINOPHEN,Aurobindo Pharma Limited,TABLET,ORAL,
ADENOSINE,ADENOSINE,Sagent Pharmaceuticals,INJECTABLE,INJECTION,Adenosine Receptor Agonist [EPC]
NUBEQA,DAROLUTAMIDE,Bayer HealthCare Pharmaceuticals Inc.,TABLET,ORAL,
LEFLUNOMIDE,LEFLUNOMIDE,"KVK-Tech, Inc.",TABLET,ORAL,Antirheumatic Agent [EPC]
NEBUPENT,PENTAMIDINE ISETHIONATE,"Fresenius Kabi USA, LLC",FOR SOLUTION,INHALATION,
OCUFLOX,OFLOXACIN,"Allergan, Inc.",SOLUTION/DROPS,OPHTHALMIC,Quinolone Antimicrobial [EPC]
SELENIOUS ACID,SELENIOUS ACID,"American Regent, Inc.",SOLUTION,INTRAVENOUS,
CLOBAZAM,CLOBAZAM,Amneal Pharmaceuticals NY LLC,TABLET,ORAL,Benzodiazepine [EPC]
RANOLAZINE,RANOLAZINE,Ajanta Pharma USA Inc.,"TABLET, EXTENDED RELEASE",ORAL,Anti-anginal [EPC]
DIMETHYL FUMARATE,,,"CAPSULE, DELAYED RELEASE",ORAL,
POTASSIUM CHLORIDE,POTASSIUM CHLORIDE,Strides Pharma Science Limited,"TABLET, EXTENDED RELEASE",ORAL,
IBUPROFEN AND PSEUDOEPHEDRINE HYDROCHLORIDE,IBUPROFEN AND PSEUDOEPHEDRINE HYDROCHLORIDE,Aurohealth LLC,TABLET,ORAL,Nonsteroidal Anti-inflammatory Drug [EPC]
NELARABINE,NELARABINE,"XGen Pharmaceuticals DJB, Inc.",INJECTABLE,INTRAVENOUS,Nucleoside Metabolic Inhibitor [EPC]
ERTUGLIFLOZIN,,,TABLET,ORAL,
PRELAY,,,TABLET,ORAL,
AROMASIN,EXEMESTANE,Mylan Pharmaceuticals Inc.,TABLET,ORAL,Aromatase Inhibitor [EPC]
VASOPRESSIN IN DEXTROSE 5%,VASOPRESSIN,"Dr. Reddy's Laboratories, Inc.",SOLUTION,INTRAVENOUS,
CEFEPIME HYDROCHLORIDE,CEFEPIME HYDROCHLORIDE,Hikma Pharmaceuticals USA Inc.,INJECTABLE,INJECTION,
SODIUM ACETATE,SODIUM ACETATE,MILLA PHARMACEUTICALS INC.,SOLUTION,INTRAVENOUS,
DABIGATRAN ETEXILATE MESYLATE,DABIGATRAN ETEXILATE,Alembic Pharmaceuticals Inc.,CAPSULE,ORAL,
GANIRELIX ACETATE,GANIRELIX ACETATE,"Fresenius Kabi USA, LLC",INJECTABLE,INJECTION,
ISOSULFAN BLUE,ISOSULFAN BLUE,Novadoz Pharmaceuticals LLC,SOLUTION,SUBCUTANEOUS,
DEPAKOTE ER,,,"Tablet, Extended Release",Oral,
FLUTICASONE PROPIONATE,FLUTICASONE PROPIONATE,"GLENMARK THERAPEUTICS INC., USA","SPRAY, METERED",NASAL,
CYCLOSPORINE,,,EMULSION,OPHTHALMIC,
MESALAMINE,MESALAMINE,KLM Laboratories Private Limited,ENEMA,RECTAL,Aminosalicylate [EPC]
UPLIZNA,INEBILIZUMAB,"Horizon Therapeutics USA, Inc.",INJECTABLE,INJECTION,CD19-directed Cytolytic Antibody [EPC]
PRIFTIN,RIFAPENTINE,sanofi-aventis U.S. LLC,TABLET,ORAL,Rifamycin Antimycobacterial [EPC]
MYTELASE,,,TABLET,ORAL,
FLUXID,,,"TABLET, ORALLY DISINTEGRATING",ORAL,
LAMISIL,,,GRANULE,ORAL,
AFREZZA,INSULIN HUMAN,Mannkind Corporation,POWDER,INHALATION,Insulin [EPC]
DICYCLOMINE HYDROCHLORIDE,DICYCLOMINE HYDROCHLORIDE,"Lannett Company, Inc.",TABLET,ORAL,
CEFOBID,,,INJECTABLE,INJECTION,
PFIZERPEN-AS,,,INJECTABLE,INJECTION,
AMOXICILLIN PEDIATRIC,AMOXICILLIN,"Teva Pharmaceuticals USA, Inc.",FOR SUSPENSION,ORAL,
GENTAFAIR,,,INJECTABLE,INJECTION,
"CLOPRA-""YELLOW""",,,TABLET,ORAL,
HALOPERIDOL,,,TABLET,ORAL,
CHLORHEXIDINE GLUCONATE,CHLORHEXIDINE GLUCONATE,Becton Dickinson and Company,SPONGE,TOPICAL,
TRAVERT 10% IN PLASTIC CONTAINER,,,INJECTABLE,INJECTION,
SERENTIL,,,TABLET,ORAL,
OXYBUTYNIN CHLORIDE,OXYBUTYNIN CHLORIDE,"Lannett Company, Inc.",SYRUP,ORAL,
RANITIDINE HYDROCHLORIDE,,,TABLET,ORAL,
DOXAZOSIN MESYLATE,,,TABLET,ORAL,
METOPROLOL TARTRATE,,,INJECTABLE,INJECTION,
ELDECORT,,,CREAM,TOPICAL,
DEXAMETHASONE,,,TABLET,ORAL,
NIMODIPINE,,,CAPSULE,ORAL,
NICOTINE POLACRILEX,NICOTINE POLACRILEX,Wal-Mart Stores Inc,"GUM, CHEWING",BUCCAL,Cholinergic Nicotinic Agonist [EPC]
TRIMIPRAMINE MALEATE,TRIMIPRAMINE MALEATE,"Elite Laboratories, Inc.",CAPSULE,ORAL,
KETOTIFEN FUMARATE,KETOTIFEN FUMARATE,Sentiss Pharmaceuticals LLC,SOLUTION/DROPS,OPHTHALMIC,
GRANISETRON HYDROCHLORIDE,,,TABLET,ORAL,
DIGOXIN,DIGOXIN,Amneal Pharmaceuticals of New York LLC,TABLET,ORAL,Cardiac Glycoside [EPC]
CETIRIZINE HYDROCHLORIDE HIVES,CETIRIZINE TABLETS,WALGREEN COMPANY,TABLET,ORAL,
CETIRIZINE HYDROCHLORIDE ALLERGY,CETIRIZINE TABLETS,WALGREEN COMPANY,TABLET,ORAL,
ROSUVASTATIN CALCIUM,,,TABLET,ORAL,
LEUCOVORIN CALCIUM,,,INJECTABLE,INJECTION,
LOSARTAN POTASSIUM AND HYDROCHLOROTHIAZIDE,,,TABLET,ORAL,
MECLIZINE HYDROCHLORIDE,,,TABLET,ORAL,
A-HYDROCORT,,,INJECTABLE,INJECTION,
AZMACORT,,,"AEROSOL, METERED",INHALATION,
ANAPROX DS,,,TABLET,ORAL,
ANAPROX,,,TABLET,ORAL,
TOLBUTAMIDE,,,TABLET,ORAL,
FLUOCINOLONE ACETONIDE,,,CREAM,TOPICAL,
BUTALBITAL AND ACETAMINOPHEN,,,TABLET,ORAL,
T-PHYL,,,"TABLET, EXTENDED RELEASE",ORAL,
HYDRALAZINE HYDROCHLORIDE,,,TABLET,ORAL,
DYNA-HEX 4,CHLORHEXIDINE GLUCONATE,"Xttrium Laboratories, Inc.",SOLUTION,TOPICAL,
NORTHERA,DROXIDOPA,Lundbeck Pharmaceuticals LLC,CAPSULE,ORAL,
VENTOLIN,,,SOLUTION,INHALATION,
PANTOPRAZOLE SODIUM,,,"TABLET, DELAYED RELEASE",ORAL,
ESZOPICLONE,,,TABLET,ORAL,
BIVALIRUDIN,,,INJECTABLE,INJECTION,
VORAXAZE,GLUCARPIDASE,BTG International Inc.,INJECTABLE,INJECTION,Carboxypeptidase [EPC]
"AMLODIPINE BESYLATE, VALSARTAN AND HYDROCHLOROTHIAZIDE","AMLODIPINE, VALSARTAN AND HYDROCHLOROTHIAZIDE","Lupin Pharmaceuticals, Inc.",TABLET,ORAL,Angiotensin 2 Receptor Blocker [EPC]
BLISOVI FE 1/20,NORETHINDRONE ACETATE AND ETHINYL ESTRADIOL,"Lupin Pharmaceuticals, Inc.",TABLET,ORAL-28,
HYDROCORTISONE BUTYRATE,,,CREAM,TOPICAL,
LEVONORGESTREL,LEVONORGESTREL,"Novel Laboratories, Inc.",TABLET,ORAL,Progestin [EPC]
ROFLUMILAST,ROFLUMILAST,Jubilant Cadista Pharmaceuticals Inc.,TABLET,ORAL,Phosphodiesterase 4 Inhibitor [EPC]
OMEPRAZOLE AND SODIUM BICARBONATE,OMEPRAZOLE SODIUM BICARBONATE,Cipla USA Inc.,CAPSULE,ORAL,Proton Pump Inhibitor [EPC]
ZOLMITRIPTAN,ZOLMITRIPTAN,Amneal Pharmaceuticals LLC,TABLET,ORAL,Serotonin-1b and Serotonin-1d Receptor Agonist [EPC]
